_id,sid_comment,star,time,comment
,1,3,2 週前,適合小朋友來   或是年輕情侶旅遊路過~要來之前最好問問自己的小孩是否有興趣玩 小二以下可能是來浪費錢的...例如弓箭器材就是大人比例的，太小的朋友來拉可能都有點問題。優點室內冷氣強     每個關卡房間內都有服務人員遊戲空間勉強夠（我同梯次入場的人數是6人，但也有看到前一梯次的是8-10含小小孩童）缺點大熱天至少等1小時左右（4天連假人潮）遊戲關卡真的就如某些網友說是夜市器材，或是迪卡儂的運動用品試玩區就可體驗，但小學生來玩  應該還是會覺得有點趣味。（但夜市隨便打個彈珠/射汽球各$100，家長們你會一直覺得有趣而幫小孩拍照嗎？）戶外區   大鏢靶是小孩最想玩的體驗，很幸運他跑第一個，所以一開頭工作人員講解完後就開始玩，之後就是漫長的大熱天排隊拋射鏢槍？我是沒玩，太熱直接陪小孩離開去看別的玩完後的後面有些小器材這就很怪...這裡沒有工作人員關主在此，所以要怎麼玩就自己看著辦，小孩有興趣就會自己動手來試玩看看了。遊戲完後的獎勵是  送飲料或貼紙但要折一個紙飛鏢，看在冷氣強戶外熱他份上，小孩有興趣折就折....整體來講    有比較過同  宜蘭  這地區類似玩法的~忍者X.....這裡的規劃稍微比較好一些，但如只玩過這個，而沒玩過其它類似的點，或許我只會給這點  2星評論。（小孩滿意這，但我覺得還好）另外它的廁所有幼稚園內用的洗手台和馬桶設備，小小孩來玩 還算友善。或者  這裡以前可能是幼兒園/安親班之類似地點改裝。
,2,neg,5 天前,覺得門口的售票人員態度需要再改善...雖然我知道可能同一個問題她以前回答100遍了。但對我們第一次去的人來說就是不知道才問呀！！！  優： 一樓冷氣很強，避暑首選。親朋好友殺時間的地方。缺：停車不便（只能停路邊）、售票人員態度超差🙄🙄🙄、電話詢問結果與現場不同
,3,pos,4 天前,室內空間乾淨整潔，遊戲簡單易上手又不失益智性！闖關遊戲的道具、設備都蠻新奇的，同時兼具安全性。洗手間建議設置掛鉤
,4,pos,1 週前,假日不要來比較好，車子很多，奧客也很多，第一次來就遇到刁難工作人員的奧客，替工作人員打抱不平！已經寫回答票賣出去不退換了，還把錢丟在人家桌子上，沒品！！（我是在摺紙裡面的客人，剛好櫃台被刁難）
,5,pos,1 週前,附近好停車，適合親子來挑戰，每個關卡都有專人解說，但是總局的玩的不夠，建議來之前先預約，室內冷氣很強，有很多古文化弓箭相關介紹的成品展示，有個室外活動區域小朋友可以在那玩耍，還不錯的地方^^
,6,pos,1 週前,1090621訪。二大一小門票優惠700元。室內遊戲透過工作人員的引導、介紹，營造成闖關遊戲的感覺，親子同遊很有意思。沒有停車場，就近停放在館外田間小路即可。
,7,pos,1 週前,員工親切有禮貌，設施很有趣😊😊可惜這次我們來的時間太晚，沒有玩到戶外活動，下次一定要來玩到戶外的射靶👍👍
,8,pos,4 天前,很好玩的地方，但是湊組的時候很看運氣～來之前要先爬文才不會啥都不知道
,9,pos,2 週前,玩40分鐘排隊超過一小時，還好很多人跑掉號碼就跳很快，工作人員喊號碼很公正維持秩序也很好，關卡都很有趣，關主都很會帶，不過停車很不方便，博物館本身有腹地為何不開放停車？田埂旁邊停車很不方便。後來還被叫去移車。
,10,pos,1 週前,裡面有很多意想不到的射擊遊戲！好朋友可以揪揪一起來～超嗨✌️✌️✌️
,11,3,3 週前,覺得200元/人，每項室內設施只能玩一次，結束之後也只有換一罐小瓶飲料，這樣有點貴！真心建議可以改成 平日可以玩2次室內設施（先帶玩一次，然後讓客戶在空檔時間自己排隊玩）。假日人潮多，就用原來這樣的規劃即可。這樣一來可以吸引平日大家想去又可以促進平日收入。下方的餐廳區可以放一些關於射擊相關的商品。結束後的禮品也可以贈送一些相關的小玩具，會更好喔！
,12,pos,4 天前,好玩 手酸 朋友一起來很好玩~工作人員親切幫忙轎叫車
,13,pos,4 天前,活動很有趣 工作人員很親切還幫忙叫車 有機會會再來！！
,14,pos,1 週前,服務人員親切，遊戲適合多人同樂，但門票不算便宜
,15,pos,2 週前,站大門的工作人員很辛苦...今天看她走了整條路請客人移車...人美心也美講話客氣對小孩很友善 裡面設施規劃也不錯 推喔
,16,neg,2 週前,"平日入館體驗90cm以上的小小孩的票價居然和成人一樣！裡面闖關的道具並不是小小孩拿得動可使用的,覺得非常不ok關卡道具都是能一直重複使用，非常省成本不推薦同行中有身高超過90cm的小小孩子前往，非常不值得"
,17,neg,2 週前,不喜歡是因為有最少8人一組的人數限制，對於從外縣市來的我們臨時要找到5人跟我們併組是件很難的事，所以不是不好玩，而是根本沒進去玩
,18,neg,1 週前,夏天人潮多遊戲偏向室內玩樂設施 玩具類比較適合小朋友
,19,pos,2 週前,真的不要連假來！等很久！但是裡面冷氣很涼很好玩，下次會考慮平日帶朋友來玩！
,20,3,3 週前,分很多關卡都跟射擊有關二樓的比較需要技巧有些是夜市遊戲有些道具真的很難用（空氣槍可能要自己組隊廝殺比較有趣
,21,pos,4 天前,工作人員親切，還會幫忙叫車超讚
,22,pos,1 個月前,很適合大人小孩一起來玩，裡面關卡主要都是要靠體力，天氣好的時候可以玩巨靶，但下雨天就沒辦法了⋯⋯大家天氣好的時候一定要過來玩，服務人員也都非常親切！！！
,23,pos,1 個月前,平日來人少很快速的就可以進館，裡面設置不同挑戰關卡，很適合全家大小一同挑戰，裡面帶隊的服務人員也非常活潑，氣氛帶動的非常好！
,24,pos,3 週前,關主們都非常親切可愛，各個關卡也都很有趣～會想再次來玩～👍
,25,pos,1 個月前,大人小孩都玩得很開心，跟現場的人組隊玩關卡，整個玩好大約一小時，都是射擊類的，不過人多就要排隊進場，車位比較少，要停在外頭，大多的帶遊戲的關主還不錯，就一個比較機車，平均下來還算不錯，可以來玩看看，現在門票250一人，小朋友超過90就要收250，但大多都可以玩。
,26,pos,1 個月前,很適合一群朋友來玩！每個關卡都設計得很好！雖然沒玩到巨板但是其他遊戲也是超級好玩的！
,27,pos,4 週前,較適合小學以上的親子旅遊，太小的孩子很多設施沒辦法自己玩。外面路邊可以停車。
,28,pos,1 個月前,不用很多人也可以玩的很開心 代表設計的都很好 每個關卡都很好玩 是一個適合帶朋友家人來的地方 超開心！
,29,pos,1 個月前,有關主的設施不錯，沒有關主的設施就是一般夜市可以玩得到的，不過偏偏好玩的只能玩一次，整體體驗有點失望，門票太高了
,30,pos,1 個月前,好玩有趣！適合情侶、家庭、朋友們一起娛樂對戰，下雨天不知道去哪的好選擇，許多綜藝節目也來過～
,31,pos,1 個月前,遊玩方式應該變通，一個家庭4個人4張門票錢跟一對情侶2個人2張票錢，憤努鳥關＋射箭關一樣都只能分成一組遊玩，這樣是否不划算也不合裡，難道要家庭成員購票前假裝不認識拆成兩對　？
,32,pos,1 個月前,工作人員都很用心~大人跟小孩也玩的開心~希望能在更多遊戲
,33,pos,4 個月前,[不須訂位/領號碼牌後排時段] [沒有停車場/路邊自己想辦法] 在網路上看到這個新景點介紹專程從台北過來。是平日周三過了雪山隧道直接來到這裡，因為平日的關係，人潮不多，只有兩三組客人。 門口櫃台很堅持要根據他們的時段才能進場(實際上裡面沒人)，等了約十分鐘才進去。開始由樓下的幾個關卡陸續闖關通過， 每個關卡每個人只能玩一次，的確是不大過癮。一樓都玩過後，到二樓繼續闖關，就是每個房間有不同的裝置，一路玩到結束約四十到六十分鐘左右。 我猜假日可能會再度加速一下，不然客人太多無法消化。之後到一樓去弄手做 DIY，然後兌換禮物，卻剛好錯過玩外面的大標靶的時間(整點)， 結果到後院剛好是十一點二十。非常尷尬的時間，下一場大標靶要十二點，最後我們還是直接離開了。只能說沒來過，可以過來玩玩。CP值算是中等
,34,pos,4 週前,第二次光顧，工作人員態度都很親切，環境也感覺，孩子們玩的開心
,35,pos,1 個月前,射彈弓、射籃、空氣砲、射箭、射空氣槍、射標槍都很好玩喔！大型標靶難度技術性最高，歡迎來挑戰！
,36,pos,2 個月前,無意間發現的景點，因為是平日來，剛好沒有其他人所以就只有我們一對情侶闖關而已，但關主們都很親切熱情，讓我們玩得很開心，下次找一群朋友來可以對戰，一定會更有趣好玩！非常推薦的室內景點～可惜玩得太開心沒多拍幾張照片
,37,neg,2 天前,只能說⋯夜市玩就可以了！
,38,pos,2 個月前,下次揪同事來玩！超級好玩的啦 臂力練好再來！工作人員都超好👍🏻大家都很可愛～停車要停外面白線沒有停車場🅿️哦～～
,39,pos,3 週前,有趣又好玩！大人小孩都適合~ 快來當神射手！
,40,pos,3 週前,非常有趣～關主態度都很棒!!大力推推👍
,41,pos,2 個月前,遊戲好玩 服務人員親切有禮貌，大人小孩都可以一起玩喔，90cm以下孩童免費呢😄，下次還要帶朋友來挑戰，智力比拼，手腳協調比拼一次達成
,42,pos,2 個月前,考驗自己在各式項目的準頭，真的很有趣^^一群人組2隊更high，都流汗了，哈哈哈～下次再來挑戰！！
,43,pos,3 天前,有趣的射擊體驗，適合帶小孩也不會曬傷
,44,pos,1 個月前,超有趣 大人小孩都可以玩得很開心時間也過得特別快
,45,pos,1 個月前,很適合帶小朋友來玩....一群朋友也可以玩的花兒瘋狂
,46,pos,1 個月前,下雨天的好去處，很好玩下次再帶小孩一起去～～～
,47,pos,1 個月前,相當好玩，而且熱情有活力!孩子大人玩得不亦樂乎
,48,pos,1 個月前,第一次玩還不錯👍員工都很親切推～可以再來
,49,pos,3 週前,Cp值頗高，適合朋友家人一起來玩～
,50,pos,2 個月前,非常好玩的活動，我們10大1小分兩組挑戰，而且工作人員非常nice，非常熱情的帶動我們！
,51,pos,2 個月前,工作人員超親切～每一關都有關主～真的超值得來玩的！快來試試看～～～
,52,pos,2 週前,很棒的景點活動，適合帶孩子們來參與活動😎😎😎
,53,pos,1 週前,不夠嗨的人不要來！組隊來玩超好玩！
,54,pos,2 週前,遊戲有趣，服務人員親切，很適合親子出遊。
,55,pos,1 個月前,適合親子遊的好地方，行銷手法也頗具創意。
,56,pos,3 個月前,工作人員服務都超親切！ 尤其是最後射大標靶的工作人員！大家都覺得服務很棒！下次還會再來👍🏻👍🏻👍🏻
,57,pos,1 個月前,工作人員很親切，很熱但很好玩，記得多帶一件衣服換
,58,pos,4 天前,服務親切周到，工作人員叫車服務完美！！
,59,3,6 個月前,有兩層樓，一樓脫鞋有兩個關卡：立體憤怒鳥，多到爆瘋狂籃框，二樓終於有一小個玻璃展示櫃介紹一些東西（大概只有這區稱得上博物館吧，建議再多增加一些知識學習的部分，不然就不要稱博物館讓人誤會），二樓還有關卡四個（超級好玩碰碰槍，羅賓漢射蘋果，電子射擊PK戰，冒煙的空氣砲），以上就是有關主只能玩一次。一樓DIY 部分就是摺紙車兌換禮物（貼紙、舒跑和水可以兌換），戶外部分因為下雨沒有開放巨靶，不過有一些兒童車、飛盤過山洞、足球九宮格、沙包擲準、射橡皮筋槍可以玩，也有一些椅子可以坐著休息，算是下雨消磨時間的好地方。店員關主態度都還不錯，也不至於太有壓迫，門票250元，不知道是不是下雨沒有開放巨靶變成200元？ 以200元而言仍還可接受，但覺得對幼稚園兒童來說應該有一些優惠，因為能玩的東西都需要輔助。需要先抽號碼牌登記人數的告示太不清楚，建議可以做大一些、不要用白色紙列印、放在顯眼處，不然人潮很多時，以為要排隊而沒拿號碼牌，很浪費時間。另外停車部分，就算是宜蘭郊區，路邊停車到幾乎在馬路中間，實在很危險，覺得店家可以提供個停車空間啊～因為停車實在太沒考量用路人權益和安全，評分扣了一顆星。
,60,3,3 個月前,"門票小貴，一個人250,12人以上打八折，小孩完全不打折，只有身高90一下免費，十大關卡只能玩一次，而且限定分組，其他玩到爽的可以參考照片，感覺趣味性跟娛樂稍嫌不足"
,61,3,2 週前,要等1個半小時，配套不佳
,62,pos,2 個月前,好好玩耶！好多種神射活動~突然發現自己是神射手哩！
,63,neg,1 個月前,八人才能組隊玩遊戲 夫妻想去都沒辦法
,64,pos,3 週前,很好玩，下次還要來，工作人員很用心
,65,pos,1 個月前,每個遊戲都很好玩，且工作人員很親切。
,66,pos,1 個月前,內容好玩，只是門口等候區太小，很吵很擠。
,67,pos,3 個月前,工作人員態度很親切👍🏻關卡豐富 適合情侶約會 全家出遊的好地方 小朋友會很喜歡❤️
,68,3,1 週前,室外遊樂普通，室內部分有些跟去夜市玩差不多。
,69,pos,2 個月前,環境乾淨、整潔，服務人員熱情、會帶動氣氛，價格合理、可玩許多遊戲！！
,70,pos,2 個月前,超級好玩的～適合團隊家庭還有親子一同同樂喔！
,71,pos,1 個月前,很適合親子同樂，下次會再來👍
,72,pos,3 個月前,工作人員很親切 態度很好👍🏻關卡很有趣 大朋友小朋友都很適合環境乾淨整齊 是個能輕鬆玩的地方
,73,pos,1 個月前,今天雖然下雨但是玩的很盡興 可惜不能玩室外的大標槍
,74,pos,3 個月前,動動身體流流汗，可以遛小孩增進親子互動，還可以跟朋友組隊一起闖關，工作人員又親切，超級無敵好玩👍🏻👍🏻👍🏻👍🏻👍🏻
,75,pos,1 個月前,射下蘋果好開心！🍎可惜下雨沒射到標槍
,76,pos,7 個月前,購票完等待的過程中，心裡只是想著陪小孩子玩玩的心態，自己的內心中覺得不會太有趣。但一進去到一樓熱身的兩個關卡，一個是憤怒鳥彈弓，自己親身嘗試過後，一直挖地瓜到後面命中目標，開始覺得 唉喲 有點難度哦！值得挑戰看看 並不是陪小孩玩玩那麼簡單。另一個則是五排的投籃，拿著小球投籃感覺命中率應該會頗高⋯沒想到並非如此。玩個一輪就滿身大汗了。接著到2樓 四個大關卡。全部都是射擊遊戲，空氣槍的體驗還蠻有趣的，女兒膽小不敢再對面讓我射，只好攻擊老婆囉！再來弓箭的體驗家中寶貝玩的很有成就感 雖然才四歲，也是大人陪著她一起玩，但是命中的那瞬間 超級開心的。接著是雷射槍感應投螢幕打靶，厲害的是仿真槍 連重量也是。打個兩個回合 大人手都會痠了 更何況小小孩，真是一種另類的體驗，畢竟小孩和女人沒有當過兵，不太明白男人在軍中拿槍的感覺，這也算是一種新體驗。接著下樓DIY飛鏢，很少時間能陪小孩一起手作，趁著這個時間 就享受這種天倫樂。DIY完就換個小禮物，有水、運動飲料、和貼紙可選擇，前面幾個關卡下來有流汗，只能說這兒想的算是周到呢！最後就到戶外最後的關卡 巨型標靶。一人三標機會，嗯⋯只能說 有難度～下次還會想再來挑戰挑戰。當然戶外除了巨型標靶外，還有滑步車、足球、丟沙包靶、和射飛盤過呼拉圈等等的小遊戲給小朋友娛樂娛樂。最後總結，推薦這個地方 能動能靜 地點清幽 門票便宜且多重體驗。
,77,pos,1 個月前,遊戲很有趣，促進親子互動，工作人員也非常親切
,78,pos,1 個月前,覺得超好玩，小朋友也超喜歡的^_^ 超級推薦
,79,pos,7 個月前,先前從網路上得知這個新景點，一直想找機會帶小孩來玩玩，今日總算找到機會前來闖關。無論是室內或室外，這裡都可以盡情的發洩！室內的闖關遊戲共有七關，每一關都會有關主親切的解説與互動，有憤怒鳥的發射遊戲、挑戰穩定性的射箭、精確的射靶、瘋狂的空氣砲、訓練手腕柔軟的投籃等，無論是大人或小孩，都可以玩得很盡性，且不亦樂乎呢！另外，透過解説人員的講解，也讓我們得知關於「射」的發展與重要性，古代人為了謀生及狩獵，不斷地精進「射」的工具及技術；古時候更有許多著名的武將也以射術聞名；到了現代，人們雖然不需要再打獵維生，但更是將「射」運用的各式各樣的全方位運動裡，它可訓練心、手及眼的完美協調，更能強化觀察、手感、專業注、穩定、反應、控制、靈話及耐心等能力。在這個近千坪的空間，無論是全家歡樂或情侶約會，真的值得前來挑戰，也絕對值回票價哦！
,80,pos,3 個月前,遛小孩的最佳玩地方，最重要可以讓孩子一同參與闖關遊戲😊😊👍
,81,pos,1 個月前,很好玩～裡面的工作人員人也很好 很和善☺️
,82,pos,1 個月前,很有挑戰性的地點，工作人員非常親切。
,83,pos,7 個月前,來宜蘭很多次了，民宿老闆娘推薦邱比準，隔天一個早起跑來，加上天氣不好，真的都沒什麼人😂😂。購票後等待入場，裡面有多個闖關活動，首先是真人憤怒鳥大賽，真實體驗很有大砲的威力呢！第二關是投籃，籃球太小顆，完全碰運氣隨便丟😄；再來上二樓後，簡單介紹武器的進化史，我以為能帶把武器離開呢😂；第三關是空氣槍打靶，這關應該是所有關卡最難的... 第四關來到了多啦a夢空氣砲體驗，兩兩攻守交換體驗，空氣衝向臉部的感覺很實際，頭上也會配合螺旋槳安全帽，差點就要飛起來！！最後還有弓箭跟實際射擊體驗，配合電子互動面版，體感度十足，玩到都差點流汗💦，十分推薦的娛樂場所，歡迎親子一同參與同樂哦！我們這次來宜蘭剛好天氣不好下雨天就不知道能去哪裡，剛好這邊都是室內的也可以當作下雨天的備案好去處，很可惜這次下雨戶外金屬巨靶沒有開放，下次一定還要好天氣的時候再來一遍，下次我一定能全部拿到滿分💯
,84,pos,3 個月前,今天來這投籃、射擊、空氣槍及射豬豬等等超好玩！！團體戰超讚～～～值得再來^^
,85,pos,2 個月前,一票人來玩，真的超好笑、超好玩，cp值很高
,86,pos,4 個月前,非假日依然有許多客人，許多都是家族一同出遊，有許多孩子，希望家長們可以多控制自己的小孩，順便教育禮貌與秩序養成。 裡面有關射擊的活動遊戲幾乎都包含了，不論是古代的射箭、傳統的射橡皮筋到現代的電腦互動射擊都有，小孩和大人一樣玩得不亦樂乎，相當有創意的多重遊戲區！可惜的是投擲只能一次三根，還沒抓到訣竅就結束了。
,87,pos,1 個月前,適合親子同樂，友善親子，服務很好。
,88,pos,2 個月前,人多來玩怎麼都好玩！關主都很可愛～
,89,pos,8 個月前,宜蘭新地標！適合大人小孩一同玩樂的地方一張門票可以玩好多種不同的遊戲與同組進場的玩家一起合作玩遊戲，也也分組PK活動手機上的憤怒鳥玩膩了嘛？那就來玩現場版的吧！自己的城堡自己蓋，鳥兒想住哪也自己做決定，再來就攻擊囉！瘋狂投籃，一組人一起答應300分的目標可別以為跟籃球一樣好投！完全不一樣的手感呢！遊戲2分鐘下來絕對是有手痠的感覺空氣槍節奏這關要的是準度，也是合作度！你會發現子彈用的很兇，補給子彈卻耗時間，這時候你該怎麼做才能讓我們隊在時間內完成任務弓箭神射手，夜市弓箭射氣球看過吧，自己實際來感覺就不同了，事前有專業的解說如何使用，才不會受傷，如果覺得射分數太沒有挑戰性！那靶上紅蘋果就會是你挑戰的目標了！超激氣動衝鋒槍，一把槍大概有3公斤重吧！舉著槍還要瞄準在飛的氣球，分成2組同時進行PK分數，不只有加分的氣球，當然還有扣分的氣球，考驗你的體力、準度、反應力｡大人最想玩的應該就是室外最大的巨靶了想要標槍好好的插在靶上可不是一件簡單的事來宜蘭有時間，推薦大家一起來玩樂！
,90,pos,3 個月前,超好玩的地方，適合攜家帶眷、呼朋引伴來闖關！
,91,pos,7 個月前,關卡設置非常用心，是真的可以玩到流汗，會很期待下一關是什麼內容，關卡也不會重複，服務人員每個人都有熱忱，男的帥、女的美，也會一直帶動氣氛，讓人不會覺得只有幾個人玩感到無聊，除了可以玩各關關卡之外還能學到新知識，真是一個好去處呀～大家一定都要來玩喔😊由於今天下雨所以就沒有玩到戶外世界最大金屬巨靶，下次還要來挑戰一下。簡單的遊戲，不簡單的趣味。這裡男女老少都可以一起同樂，在不同的關卡可以訓練柔軟度、手眼協調的能力，關主也會因應不年齡的孩子來去改變玩法，讓小小孩也能靠自己的努力去完成✅在玩射籃這關時，本來想說應該很簡單，殊不知這關結合了25個不同高低遠近的籃筐，同時還有時間的限制，還需要彎下腰把球拿起來投進去，這關訓練你是否能在同一個定點，調整你的手柔軟度，是真的可以讓人流汗的一關。
,92,pos,7 個月前,"今天帶二個孩子來最近很火紅的""邱比準射擊館""票價現在是優惠價一人200元，超划算（去夜市隨便玩個彈珠都要100元了，邱比準這裡有7個關卡，3個自由關卡，1個戶外隱藏關卡，怎麼算都划算，小孩吵著要再來玩，超級無敵好玩的）門票是一個黃色的手環，很特別工作人員會在購票後幫每一位挑戰者繫上，每一個關卡結束會畫上分數室內共有6個闖關遊戲，1個手作紙飛鏢，這都只能玩一次。第一關是巨大彈弓，用小豬玩偶來攻擊磚塊上的憤怒鳥，打倒就有分數，關主最後還有加碼贈送大豬讓我們打，還是小豬比較好控制。第二關是瘋狂籃球，一堆小籃球，要投入不同分數的籃框，值得一提的是小籃球還蠻乾淨的。第三關是碰碰槍，利用空氣的壓力，做一個拉推的動作，把子彈射出去，要打前方的小圓靶，這是一個困難度較高的關卡。第四關是多啦A夢的空氣炮+竹蜻蜓帽子，關主會在空氣槍內灌入煙霧，讓我們打出來的空氣炮有一個一個的煙圈，很貼心的提供紙口罩，讓有過敏的人可以使用。第五關是射弓箭，初體驗拿弓箭，裡面有一個很大的靶，上面還有二顆蘋果，但是不好射中就是了。第六關是電子槍，是仿真槍所以好重喔～超好玩的，要打紅色的，不能打綠色的會扣分，一不小心就會變成了豬隊友。第七關是用色紙摺紙飛鏢，做好可蓋紀念章，帶回家做紀念。憑戰鬥手環還可以換小禮物，水~飲料~邱比準貼紙~3選1。戶外有飛盤，足球，沙包，小孩的腳踏車，這可以無限次的玩，這是一個非常好遛小孩的地方，讚！今天很幸運地玩到了隱藏關卡，這可是全亞洲最大的巨靶喔～👍👍👍這裡真的很值得來遊玩喔👍👍👍"
,93,pos,1 個月前,遊戲很好玩，每關都很有挑戰性。
,94,pos,7 個月前,今天帶小孩來宜蘭玩，因為天氣不佳所以只能找室內景點玩樂，在網路上搜尋到「邱比準 Cupishoot 射擊博物館」，看了一下評價似乎都很高而且也說很多關卡可以玩，於是就跟老公決定帶小孩來玩看看，一到門口售票的服務員很親切的解說票價及關卡，後來進到裡面換其他服務員帶我們闖關，沒想到第一關就超可愛的，竟然是豬豬打憤怒鳥的關卡，不過並沒有想像中簡單，因為需要蠻大的力氣，但是靠著老公幫忙小孩拉彈弓，也還是得分了～～他超開心的！ 接著第二關是投籃關卡，這關全家大小都投到流汗哈哈，真的很好玩～～再來到樓上進行後面的關卡，大多都是射擊的遊戲，坦白說要得高分還真的不容易欸，需要一些小技巧😂～～不過我們真的都玩得很開心！蠻推薦大家來宜蘭可以來這裡玩一次，一家大小同樂的感覺真的很棒，而且關卡都不無聊喔，加上每一位服務員都很親切熱情，整體的感受很舒服！
,95,pos,7 個月前,2019.11.29(五)白天來，非假日，人少，所以被趕場的感覺不重。如果每關的時間可以再充足一點，或是能讓客人自選喜歡的兩個關卡再體驗一次就更值票價了。基本上好玩，大人跟5歲小孩都覺得滿有趣的，可惜每個關都只能玩一次(其中一兩關真希望可以多玩一下)，然後有些關比較沒那麼好玩 (例如空氣砲關卡有的空氣砲很弱 )員工數量很多，服務雖不到笑容可掬，也算客氣禮貌了。闖關流程很順暢，不過玩的時間稍微有點短有點趕。國小以上的小孩子比較能好好玩 (例如拿得動槍或聽懂遊戲規則)，太小的入場爸爸媽媽照顧他/她就沒辦法自己也玩了(但門票錢還是得付哈哈)
,96,3,1 個月前,關卡遊戲次數偏少，沒什麼玩到的感覺
,97,pos,3 週前,有趣好玩又可以放電的好所在推推推👍🏻
,98,pos,6 個月前,一般人只知道邱比特，不知道邱比準，所以對它疑問很多，乾脆來一趟解答吧～一進來親切的工作人員詳細的解說關卡，消毒手手後，進來大展身手囉～一開始的憤怒鳥，我們分兩組比賽，真是尖叫聲連連，連，大家吱吱喳喳根本就是一堆鳥在吵架一樣。接下來的投球，一起努力投投投，突破200分以上，接下來飛靶神槍手，剛好分成男女對決，當然是使出全身解數，哈哈大贏啊！開心開心繼續手巧的時候到了，摺摺摺啊！還好弟弟平常都有在訓練，三兩下就幫我們大家解決難題，還換了小禮物呢！室外還有世界最大的金屬巨靶，好刺激喔～～真的好大好大的巨靶，可是機會只有三次太少了啦，下次一定要再來一次，繼續挑戰，讚讚讚！
,99,pos,1 個月前,遊戲很好玩，下次會想再來！
,100,pos,7 個月前,細雨綿綿，本來的行程泡湯，後來查了ㄧ下，曾經是射箭隊又是男生的我，對於瞄準這件事相當有悸動，來到這裡剛開始有點猶豫看起來不是這麼起眼，買了票稍等進場，ㄧ進場先聽了個小故事，邱比特有個雙胞胎弟弟叫邱比準，哥哥箭法不準又愛亂射，所以把我射給我老婆了，邱比準不想再犯同樣的錯誤，ㄧ心想把箭射好，所以對自己進行一連串的射擊訓練，所以有了這間亞洲首座射擊博物館的出現，ㄧ進場第一關小試身手，暖暖身打了真實版angry bird，到了第二關，投籃這項目，非～常～累，投完差不多可以打包走人，樓上關卡就越來越有趣味挑戰性，很可惜這次期待的戶外大靶下雨不能使用，這裡的員工都非常有熱情，服務也相當親切，很適合親子或多人同遊，情侶就不建議，可能會吵架XD非常歡樂
,101,pos,2 個月前,會想再帶家裡的小孩來玩，真的會流汗
,102,pos,8 個月前,今天來到邱比準來玩射擊類遊戲，比我想像中的還要有趣。裡面的員工都非常的熱情超會炒氣氛的，很有趣。首先先是兩場熱身的比賽xd，第一是綠豬豬的復仇，要幫憤怒鳥做城堡保護他，然後用彈弓將綠豬豬射向城堡，把憤怒鳥射倒就得分，六隻豬八隻鳥的攻防戰xd。第二個是累死人不償命的投籃，好像是兩種模式，不過我比較嫩咖，所以用不限時的，哈，不限時間投籃分數達到200分過關，有1.3.5分的籃框，投完手都不是自己的了。第三是連發機關槍，將槍先填充滿子彈，透過空氣壓力給他發射，基本過關分四分，三個女士堪堪及格，哈哈哈，這關超級不好射，還好有外援幫忙補充子彈不然超慌xd第四是空氣炮，用空氣炮將帽子上的竹蜻蜓吹動，幾圈就是幾分。不過這關超考驗手的穩定性的，一拉發射的地方拿的地方就會晃動，一直狂射歪，哈哈哈。不過第二場加碼比較好玩，算是大亂鬥，四把空氣炮誰搶到誰就可以攻擊，嘿嘿，我搶到兩把，輪到我狂攻了，哈哈哈哈。第五是射弓箭一個巨大的靶子，每圈都不一樣的分數，上面綁了蘋果，射到蘋果直接過關，不過蘋果的位置好難射的感覺，我完全沒去試他，結果我五箭都射到一樣的地方，好可惜都是三分的，我好像射射看五分的中心哦第六是打電子靶光槍就有3公斤多，有夠重的，哈，突然覺得媽媽好偉大哦，因為只有三個人，所以關主也跟著下場了，有點難以看到自己到底射到哪裡了，不過一勝一負還是很好玩外面還有戶外場就不多說了，值得來玩玩看哦。
,103,pos,1 個月前,朋友👬親子同樂好場所服務人員很親切
,104,pos,7 個月前,1.彈弓射擊難度有點高，身高高的人一定要半蹲才有辦法射中，不然全都會直接吃地瓜XD2.籃球投籃，雖然只有90秒，但真的會投到手酸！小朋友就一分一分慢慢投，大人就可以全部丟三分吧！命中率比較高，五分實在太難了！一顆都沒有中3.氣槍那關沒有什麼技術，就狂射亂射就好了雖然我們沒有過關，但還算蠻好玩的4.空氣砲不是拿來打頭上的風扇喔！是拿來打臉的XD目標從頭到尾都是我老婆的臉XD往臉上射就對了！5.射弓箭，女生這關應該比較難拉弓需要一點點力，老婆一直黏不上去。可能是角度不對或是太小力吧6.電子靶！槍有一點重量，反正子彈無限，瘋狂亂打就對了！7.最後戶外的巨型靶！就往最上面丟，然後瞄準最下緣吧！一定要由上往下插進去，才不會掉出來喔！整體來說還蠻有趣的！全部玩完大概一個多小時，有興趣人都可以來玩玩看喔！
,105,pos,2 個月前,很適合帶小朋友來玩，下次還會再來玩
,106,pos,7 個月前,下雨天非常適合帶小朋友一起來玩，或著與朋友組隊來玩，可以一群人揪團玩，一入館，會有手圈紀錄今日的分數，總共有七個關卡，最喜歡的是憤怒鳥、射箭、雷射槍射擊，憤怒鳥真的就像手機遊戲中拉弓噴射，把豬豬擊倒，有大豬小豬，看擊倒幾隻有分數可以看輸贏，射箭除了平常看到的內圈得5高分，內圈1分，還有蘋果🍎加分8分，我射中了一顆！超開心，雷射槍射擊🔫雖然槍枝很重但可以完美操控，很好玩，各個關卡都有關主認真講解，讓我們好好玩體驗這個遊戲，啊最後關卡結束後還有折紙做飛鏢，能讓孩子練習製作，還能將親手做的飛鏢拿至戶外區玩或帶回家喲！戶外區還有飛盤、踢足球⚽️、騎腳踏車、沙包區等⋯是一個適合家庭及朋友的地方。    如果沒有下雨的話，還可以玩大型的射飛鏢，這次因為下雨我們沒有體驗到，下次還會想要再來玩一次，玩得內容值回票價。
,107,pos,4 個月前,好玩的地方也謝謝你們的耐性、貼心。讓一個自閉症的孩子害怕聲音也能參與玩樂。人美心更美ps.我們不是小孩的爸媽啦⋯⋯親戚關係🙂
,108,pos,3 個月前,很好玩的地方❤️工作人員也都很親切，推薦大家來！
,109,pos,4 個月前,工作人員都很有趣，也很投入的在帶遊戲，加上有很多不一樣的關卡體驗，雖然都短短的，但是確實是個很好玩的地方
,110,pos,8 個月前,今天是兒子學校校慶，因可以提早離開的關係，在網路上搜尋宜蘭可以親子同遊的地方，找到了邱比準射擊場，第一次來這裡玩，好玩刺激超乎想像，大人小孩都有運動到，針對運動所需的觀察力、專注力、穩定度、反應力、控制力等等設置不同關卡，例如擬真版的憤怒鳥、投籃和射擊遊戲。一樓簡單版兩關很適合小小孩，二樓關卡稍難，有擬真射擊，空氣搶，射箭，另外也有簡單的武器歷史導覽等等，關卡難度提升，但小孩加上大人輔助即可玩的超級開心，對成人來說也絕對不會無聊。室外則是有三場免闖關的區域以及休息區。另外，工作人員從一入場買票就很詳細的說明使用方式、確認參與人數，遊戲規則說明非常詳細，場內活動人員充足、除了說明遊戲規則，還很熱心的會提醒並幫忙拍照，且闖關流暢度佳，非常正向的鼓勵親子進行互動，整體環境乾淨舒適，有室內有室外場，活動結束後可以憑闖關手圈兌換貼紙或小飲料，再來個靜態的折紙飛鏢收尾，門票只要超值200元九十公分以下免費，正場活動大概一小時，非常適合親子活動，推薦大家一定要來玩哦！
,111,pos,8 個月前,之前來宜蘭就很想拜訪這地方，真可惜上次人實在太多，好不容易再次來到宜蘭，終於來到這「綜藝玩很大」也來的地方！首先進到邱比準的第一關-憤怒鳥彈弓特色的關卡場景，感覺像走進電腦遊戲裡比較特別的事，邱比準是搗蛋豬反攻擊憤怒鳥呢這一個關卡，我和寶貝兒子比賽，薑還是老的辣，小贏了兒子一點！哈哈😄關主說第一關是暖身關，但我完成後真的覺得有累唷！來到第二關-這個籃框場景，想起了家x福外的籃球機，瘋狂的投籃，命中率當然沒話說囉，完美過關！接下來的關卡就漸漸有難度了...其中最有難度的是戶外的金屬巨靶，嘿嘿..最不被看好的我卻是唯一一個讓標槍命中紅心的唷！邱比準射擊博物館」是一間以「射」為主題的室內觀光景點，包含室內、戶外總共有10個不同關卡，要來挑戰你的準度、穩定度等各項能力，包括投籃、射靶、射箭、空氣砲、憤怒鳥彈弓、連發空氣鎗等之外，還有世界最大的金屬巨靶及紙飛鏢DIY，還可以憑飛鏢換贈品，不管晴天雨天都很適合一起來玩，也是很棒的親子景點唷!
,112,pos,1 個月前,很有趣的親子活動，工作人員親切。
,113,pos,8 個月前,第一次來這裡玩，好玩刺激超乎想像，大人小孩都有運動到，針對運動所需的觀察力、專注力、穩定度、反應力、控制力等等設置不同關卡，例如擬真版的憤怒鳥、投籃和射擊遊戲。一樓簡單版兩關很適合小小孩，二樓關卡稍難，有擬真射擊，空氣搶，射箭，另外也有簡單的武器歷史導覽等等，關卡難度提升，但小孩加上大人輔助即可玩的超級開心，對成人來說也絕對不會無聊。室外則是有三場免闖關（自由玩）的區域以及休息區。另外，工作人員從一入場買票就很詳細的說明使用方式、確認參與人數，遊戲規則說明非常詳細，場內活動人員充足、除了說明遊戲規則，還很熱心的會提醒並幫忙拍照，且闖關流暢度佳，非常正向的鼓勵親子進行互動，整體環境乾淨舒適，有室內有室外場，活動結束後可以憑闖關手圈兌換貼紙或小飲料，再來個靜態的折紙飛鏢收尾，門票只要超值200元九十公分以下免費，正場活動大概一小時，真的超級划算，非常適合假日遛小孩，極力大推！！！！！下次來宜蘭絕對還要再來、呼朋引伴！推薦大家一定要來玩哦！！！
,114,pos,1 個月前,工作人員很親切！非常好玩！適合團體來玩！
,115,pos,7 個月前,宜蘭天氣多變化，今天來剛好天氣不穩定，神力的闖關活動沒辦法參加😭😭😭，原本以為是開槍打飛盤，進來才發現是可以與親子活動的好去處，從一開始的彈弓、籃球、弓箭、打靶、最後還有手做活動，關關都有關主耐心的解釋、活動期間也會炒熱氣氛，漸漸的就能融入。二樓還有武器的進化史，娛樂中還默默上了歷史課📖，大人小孩一同參與所有過程極度有趣。來的時候剛好人不多，有些關卡還能多次挑戰，其中最難的應該就是空氣槍打靶，球永遠飛不到想打的地方⋯⋯後方互外區還有飛盤、足球、沙包、腳踏車，可以重複玩到瘋，下次來一定要挑個好天氣，可以玩到最想玩的亞洲全大巨靶！離開前還有DIY 手作活動，是一個忍者的飛鏢，可以帶回家做紀念，也可以跟大家炫耀自己有來過邱比準喔！歡迎家庭一起參與，下次我們還會再來的！！！
,116,pos,4 個月前,裡面每個關卡都有教練帶遊戲，空間雖不大，但是還蠻適合中年級的孩子
,117,pos,8 個月前,這次來到位在宜蘭冬山鄉的邱比準射擊館，一開始來的時候一直擔心會不會這裡只適合小朋友玩，大人會覺得無聊不好玩，沒想到進來闖關完之後立馬有回到童年的感覺，裡面不僅10個關卡闖關都很好玩，裡面工作人員的服務態度跟帶動氣氛也是感覺非常棒的，平日有空也會幫忙拍照，讓我們可以帶著照片回憶，這裡位置離羅東市區也非常近大概5-10分鐘路程就能到羅東夜市，停車雖然還沒有停車場，但因為附近都是田也都是白線，只要停在三角錐的對面就可以了其實也蠻方便的，還可以省下有些觀光景點貴鬆鬆的停車費呢！這裡闖關的規則是前面第1~7關有關主帶著玩都是玩一次的剩下戶外休息區的3關則是可以自由闖關無限次玩到想走在走，換算下來一張門票10個關卡一關也只要20元，實在是非常便宜划算去外面應該找不到cp值這麼高的遊戲了吧，我很喜歡他們每一個關卡的外面都有關卡介紹，還有訓練不同每一種力，雖然手上的戰鬥手環門票的計分好像只是一種氣氛沒有其他功用，但是我覺得也是一種一開始可以激發大家挑戰力的想法，憑門票還可以在到DIY區換小禮物，品項有水.運動飲料.還有聽說是邱比準獨家的可愛貼紙，小朋友如果拿到一定會超開心的，這次是情侶出遊可以增加甜蜜互動，但我覺得如果是親子來玩可以增加家庭相處互動也是非常棒的噢，如果來到宜蘭不知道去哪裡我真的給500顆星的推薦這個好地方。這次闖關我玩下來最喜歡的是二樓的第一個關卡，裡面是一個人會有兩把是利用空氣擠壓就可以射出來的碰碰槍，喜歡的原因是因為他的過關難度非常高，目標只有小小一個圓靶，雖然挑戰難度很高，但是可以在遊戲中訓練節奏感真的很有趣，如果玩不夠樓下商品區也有販售可以買回家玩，真的是非常不錯。如果有朋友問我到宜蘭有什麼好玩，肯定會大大的推薦這個好地方👍🏻👍🏻👍🏻👍🏻👍🏻👍🏻👍🏻👍🏻👍🏻👍🏻
,118,pos,8 個月前,【邱比準射擊博物館】票價部份：全票250元(開幕優惠200元) 未滿90公分免費一進門就看到用積木做成的白色巨人， 非常的吸睛。館內有六大射擊關卡。1、憤怒鳥彈弓，這遊戲先組城堡維持平衡再射倒，簡直就是把手機遊戲搬到現實，太可愛了啦！2、瘋狂投籃機，計時一分鐘的投籃計分，看起來很簡單的遊戲，但我們拚命的投也沒過關，真是太弱了啦！3、空氣槍，在空氣槍中裝入子彈，等到開始之後，前方就會有立靶讓我們瞄準射擊，這裡的子彈是軟彈，所以就算不小心打中也不會痛，大家可以安心玩耍~ 4、會冒煙的空氣砲 ，2人互相用空氣砲射對方頭上的螺旋槳，螺旋槳轉的圈數越多分數越高，也是個很刺激的遊戲。5、射箭，對準大靶發射，差一點就過關，真是太可惜了。6、連發衝鋒槍，紅外線槍對準螢幕的紅靶發射，分組對戰，和其他人組隊一起競賽超刺激。室外還有一些不限次數玩的遊戲和一個大大的紅色巨靴，關主解說後就開始投射，前面的小朋友射的比我還好，我真是~~很弱。總結，這裡是個新鮮好玩的地方，工作人員也很親切，是個很棒的好去處。
,119,3,5 個月前,以一個人門票來說，有點小貴，適合小六以下的小朋友，帶小朋友去的爸媽，無非就是要幫小朋友拍照留念，怎麼還要分隊對抗，雖然沒有硬性規定，我還是選擇拍照工作。裡面不大，大概80分鐘走完，工作人員都在陪笑臉，辛苦你們了，小朋友被鼓勵的很開心。
,120,pos,8 個月前,來宜蘭好多次了，前陣子在節目上看到這個宜蘭新親子景點邱比準射擊館，就ㄧ直很想帶孩子來體驗。這是亞洲首座射擊博物館，趁著平日特地休假來體驗。首先的第一關射擊憤怒鳥就開始讓全家熱血沸騰，冒起汗來了，沒有想像中只是拉弓這麼簡單，還要配合力道跟準度呢！第二關的投籃遊戲需要靠全家團隊合作，燈光變化再加上計時ㄧ分鐘的壓力，從一開始瞄準到後來直接亂投直接以量來爭取進籃的機會啦，接下來是空氣槍射擊，不到10秒就把子彈射完了，趕緊再補彈發射，時間到我居然ㄧ顆都沒中，真是太糗了，再來居然是從哆啦A夢裡出現的‘空氣炮’，沒想到小叮噹的道具居然出現在我面前，真是太開心了，而在這關關主說爸比破了今日的紀錄呀，頭上的竹蜻蜓所轉的圈數之多呀，再來是飛靶神槍手，拿著很扎實模型槍射擊著電子飛靶，超緊張的，接下來的弓箭射擊，雖然我射中了紅心，但爸比居然射中了蘋果，真是氣死我啦！玩完了室內，來到了重頭戲，戶外有著全世界最大的巨靶，要射中真的很不容易呀！還有飛盤射圈圈及沙包投擲，也讓小孩玩的不亦樂乎呀。我覺得邱比準射擊博物館真的是個親子同樂的好地方，不但可以訓練小孩的手眼協調，還可以讓喚起大人童心，陪伴孩子玩樂的時光是充滿歡樂的呀！
,121,pos,1 個月前,適合親子同遊，同學相約，有趣好玩
,122,pos,8 個月前,跟朋友到宜蘭兩天一夜，運氣不佳遇上雨天，搜尋適合室內活動的景點來到了「丘比準射擊博物館」。不同一般聽到“博物館”並非是比較制式的介紹內容，裡頭有多樣化關於射擊的趣味關卡讓遊客進行體驗射擊。不光是小朋友會喜歡，跟朋友、家人一同遊玩也是趣味性滿分！體驗真人憤怒鳥射擊、吸盤弓箭射箭、空氣槍到雷射槍射擊電腦飛盤等等......而戶外的部分也有不同的體驗，多樣化的內容，讓門票200元花的非常值得，每一項活動都很安全，不用聽到是“射擊”就擔心小朋友的安慰👌。導覽人員都很親切有禮，用愉快的語氣帶著所有大朋友小朋友們進行關卡👍還有飛鏢DIY關卡，折紙折成紙飛鏢後可以蓋章，然後憑手環換可愛的貼紙或是飲料，相信最後不論是大朋友還是小朋友都能夠盡興而歸！雖然是因避雨而造訪，但cp值很高，心情也很好，消去了天氣不佳的陰鬱😊
,123,neg,4 個月前,雖然關卡有趣 但在每關快閃限時又只能玩一次 票價$250偏高 戶外大靶區竟然還限整點開放 我們一家人就癡癡枯等 非常不能接受
,124,pos,4 天前,跟朋友來一起玩超好玩❤️❤️❤️
,125,pos,8 個月前,這次來到宜蘭冬山鄉，因為天氣不好，原本安排的室外活動只能取消，後來上網找附近的展館，意外看見這間射擊博物館 🔫 本來以為只是像一般的觀光工廠一樣，只會簡單的做介紹，大概瞭解射擊的東西，沒想到這裡能夠進行闖關活動，而且遊戲項目也不少，從第一關利用憤怒鳥進行射擊，場內佈置的很可愛又有趣，讓我們有瞬間回到童年的感覺，後面還有投籃累積分數，按照距離有近到遠，不管大小朋友都能挑戰，上到二樓以後還有專業的導覽人員告訴我們，從最古老以前的箭到現代的槍炮，介紹的相當仔細！聽完導覽以後再繼續挑戰二樓的遊戲，遊戲的難易程度也很適合親子同樂，更重要的是館內的服務人員都非常親切又耐心，非常適合有帶小孩的爸爸媽媽一同前往！！可惜因為天氣不佳，最後的戶外射擊活動無法參與，但整體來說還是相當不錯，有來宜蘭踏青的人千萬不要錯過，若有時間還會再帶朋友一起來玩～
,126,pos,8 個月前,今天跟朋友一起來這邊玩，很多有關射擊的遊戲，它有分很多關卡，第一關是憤怒鳥彈弓，我最喜歡這關，自己組城堡然候把8隻憤怒鳥放在城堡上，然後由別人來摧毀你的城堡，所以當然是越堅固越好，雖然我的城堡一下就被摧毀了😂😂，我朋友組裝坦克城堡實在太厲害，第二關是投籃，要投滿200分才過關，這關要人越多越吃香，不然就會跟我們一樣，鍛鍊手臂肌肉，肌肉大爆炸😂，在來是到樓上的關卡，房間外面還有展示歷史的子彈跟標頭，讓前面肌肉爆炸的我們可以歇一歇會，在來是用空氣槍射擊標靶，這要穩定度以及眼力，兩者都沒有的我好險有我的好隊友幫忙射，不然我不知道要在那玩到幾點😂，在來的關卡是空氣砲，多拉a夢裡面的道具我今天竟然也用的到耶～要用空氣砲打到對方的風車，這也是訓練手臂的好關卡，再來是射箭，拿著弓箭射擊標靶，想像自己就是羅賓漢，雖然我都射不到蘋果😂，再來的關卡是桌上都放著模擬機關槍的假槍，但拿起來也是頗重，然後前面螢幕要射擊標靶，標靶還會亂飛，兩隊pk看誰分數比較高，很好玩，手臂再度可以被訓練到，很多關卡都很好玩，真的很適合跟親朋好友一起來，人越多越好玩！
,127,pos,8 個月前,看了電視後一直想要找時間帶小朋友來玩，終於空出時間，專程安排了這個行程，特別起了個大早立馬衝來，到了這裡服務人員很客氣的跟我們說明一些相關規定及購票，目前是優惠價一張門票是200元，購完票小朋友已經迫不及待要進場囉。這裡一共有10個關卡，首先來到第一關是憤怒鳥的彈弓射擊，一開始先自行堆疊你的靶，然後再用彈弓去射擊，感覺就像是在玩電玩一樣的場景，還原度百分百。第二關是籃球投籃，計時1分鐘，約遠的籃框分數越高，團隊分數要達200分才算過關，這關滿耗體力的，闖完關已經滿頭汗了。第三關是空氣槍，還挺難瞄準的，結果團隊分數只有2分，真慘！第四關是多啦ㄟ夢的空氣大砲，也挺好玩的第五關是射弓箭，就像夜市射氣球一樣，但這邊是很安全的吸盤，不用擔心會有危險第七關是紅外線槍射擊，槍還滿重的，小朋友可能拿不太起來，不過放在桌上也可以喔。接下來就是戶外區了，戶外區有射飛盤，丟砂包已經足球射門，這些都是不限次數的，小朋友可盡情在此放電，大人也可稍微休息一下。另外就是巨靶標槍，這個項目是整點開放，也是一個不錯的體驗總之邱比準是一個非常好玩的地方，非常適合親子遊玩，會是一個會讓人還想再來一次的地方。
,128,pos,8 個月前,"小孩很喜歡射擊遊戲，看到部落客介紹，馬上列入口袋名單，第一天第一個行程就是來這邊，翰翰玩的超級開心。一開始的射娃娃遊戲，我們總是射偏了，不是太高，就是太底，爸爸還因為用力過度，跌倒了，我們雖然射擊沒有很多，但翰翰對於加分題，可是很盡心的去撿回射出去的豬寶寶。第二個是射籃遊戲,四排的籃球架，最後面最高分，雖然不會移動，但是對我不常投籃的人，還真有點困難，但對小孩來說，輕而易舉，因為他在家很喜歡玩籃球，畢竟小男孩囉。第三個是空氣槍，放入軟的球，打擊標靶，射擊完了，可以再填充軟球，一直到時間結束。這個距離對女生和小孩來說有點遠，但男生力氣比較大，射擊率可以比較高喔。第四個大砲槍，跟小叮噹的手中大砲槍一樣，超級可愛，重點是，還放進煙霧，同行的人站在對面，來個互相傷害，煙霧效果，讓小孩玩的不亦樂乎。第五個是弓箭，超級大的標靶，中間5分，底下還有兩個蘋果也是5分滿分，蘋果還真有點難射耶，我一直彈出來，倒是中間的5分，因為夠大，好射多了。第六個飛靶神槍，看起來很像真的槍，很重，所以必須放在台子上，然後射擊螢幕的紅色標靶，越小得分越高，綠色會扣分，想不到，我對這個還蠻拿手的，一直射到最小的，100分，結果我們2大1小，既然贏了另外一隊，三個女生，我們真是太強了。結束以後，還有DIY區，做完東西可以換飲料，或是貼紙，進來的手環也可以換喔。最後外面還有一個戶外區，最大的巨型標靶，可惜今天下雨沒有開放，但戶外區還有小朋友可以玩的，騎車，玩沙包，踢足球，射擊呼拉圈等活動。這樣門票一人200，可以玩這麼多，真的很值得了，推薦大家來這邊玩，一定玩的很開心。"
,129,pos,2 週前,超好玩，關主都很親切
,130,pos,8 個月前,第一次和朋友來這裡玩，宜蘭遊玩新地標，關主們都很親切的介紹每一場關卡，人數不夠還會陪我們下海一起玩，最喜歡的是憤怒鳥的關卡，可以打爆別人的城堡，第二關也很好玩，就是一直瘋狂投籃，雖然說是暖身關，但根本超瘋狂一直亂丟球XD這裏真的非常推推推環境空間不錯，還有讓我們噴酒精消毒雙手！只是這裡停車不是很方便，今天是租機車來的，卻只能停路邊。嗚嗚～今天天氣不錯，大約可以玩2～3小時，可以和朋友們來這裡的好去處唷，來宜蘭一定要來這裡玩，還可以手作飛鏢，很適合親子互動和情侶約會的地方呢。二樓還有關主講解歷史，從石器時代到現代，很像很可以，然後我是為了小獎品來的。聽說還有戶外區，但還沒有去體驗看看，可以自由活動的樣子，還蠻期待的，突然想到2樓的哆啦A夢空氣槍，真的很空氣，然後還有一把很重的槍，我還以為是以前學生時期去打靶的槍，真的有重量，真的有重到！哈哈哈
,131,pos,8 個月前,這個週末，因家中國小生運動會補假1日，多了一天短暫的假期，臨時規劃宜蘭二日遊的行程，讓大家親近大自然，孩子們提議綜藝玩很大近期到過的「丘比準射擊博物館」來體驗一下藝人闖關的臨場感。因為家庭成員2大2小剛好可以分成兩隊，從看似簡單的憤怒豬、基本投籃關卡，發現遊戲真的沒這樣容易，且輸贏真的可以激發孩子的潛力，更看到他們能互相幫忙、鼓勵，這樣的氛圍，正是現今社會缺少的。進入二樓的關卡，先由可愛的關主詳細介紹古代武器演化及進步的歴史，讓大人跟小朋友好好上了一課;接下來的關卡才好玩，空氣槍、空氣煙霧炮、移動靶射擊及Q版射箭，看到孩子為了過關拿高分，拿出認真的態度跟全神專注的進入遊戲模式，連我這大朋友都被戰鬥的氣氛感染，讓我們屢獲佳績，還破了紀錄呢（不知關主是說真的嗎），孩子們都興奮不已，並深感自己是紀錄保持者。最後，到了户外體驗標槍射擊，這遊戲看似簡單，但真的不容易，好險身為父親的我成功完全一槍，沒有從孩子心目中的「神話」落成「笑話」;經過了快2小時的奮戰，全家人都很開心，並約定明年要再次回到戰場，看看紀錄是否被突破。
,132,pos,1 個月前,可以約好友一起來的休閒趣味的好地方😊
,133,pos,8 個月前,第一關玩過憤怒鳥的人應該都知道怎麼玩，非常有趣，如何疊自己的城堡也是一種考驗。第二關時間非常緊湊，投籃要又準又快，在一分鐘多的時間內得到100分，相當的困難也很消耗體力。第三關這個要考驗運氣技巧也要，而且手速也很重要，這關真的不說真的有一些難度，不過玩的時候真的會很開心，想要多玩幾次，不停的射擊，直到成功。第四關的空氣砲超級難，要打中竹蜻蜓工地帽上的竹蜻蜓，如果一個不小心射不好，就會射到人的臉，就感覺就像風很大吹到臉上，後面最後還有互相噴氣，好笑的一關。第五關拉弓箭真的很好上手，抓的好每一箭都可以命中，還能挑戰射蘋果。第六關的玩具槍就像真槍一樣的重，手感非常有真實感，而且有一些點真的根本就是以前玩過的電腦遊戲一樣，不過真的還不錯，還有槍還跟真的一樣，真的有點重體驗真實打靶的感受。第7關是飛盤，只要會丟都可以玩的很好，很輕鬆的一關，丟過圈圈就得分，對我來說是最簡單的一關。第8關足球小朋友一定都超愛玩，很活潑的一關，不過要得分相當困難，要有控球的能力。第九關力氣夠大就很容易，不過要中靶還是有點技巧。我覺得這裡還不錯，大人小孩都很適合來玩，朋友之間競技大賽，增加彼此的感情，喜歡戶外活動的朋友，不妨來玩玩看。
,134,pos,8 個月前,今天是我來宜蘭第二天 我不知道要去哪裡 我女朋友帶我來到這裡 沒錯 就是邱比準館 一路上綿綿細雨也澆不息我對這裡的熱情 當我到這裡時可能因為是平日所以沒有什麼人 不過也信虧是平日才可以不用這麼人擠人 每個闖關遊戲也可以玩很久 如果要來的人可以選擇平日來玩 宜蘭這裡真的很舒服 我坐在門口看了五分鐘的電視就開始進去闖關了 剛開始以為這是給很小的小朋友玩的遊戲 可是其實大人也可以玩 而且也不會到很幼稚 第一關玩了憤怒鳥的沙包彈弓一進去看到彈弓跟憤怒鳥就知道是要拿彈弓加豬豬把他打倒 六顆的機會 這六顆令我措手不及 我打的好辛苦 但還是有兩隻沒有倒下來 我很難過 但看到自己女朋友一隻都沒倒覺得更難過 抱著難過的心情到下一關 下一關是射籃考驗的是我的手感跟節奏真的很難 尤其是後面五分的太遠了 丟完我的手應該廢一半了之後還有玩射靶的 不知道是槍太沒力還是我太爛 也好難 再來是空氣砲這個也有難度專注力要很高 再來射箭也很好玩雖然只有幾隻箭而已 不過我覺得很好玩 今天下雨沒有玩到最大的射箭很可惜 希望下次有機會可以再來玩
,135,pos,8 個月前,非常值得推薦的好去處，進去了以後才發現原來這裡這麼好玩，有多項闖關遊戲，本來還以為只有小朋友會玩的很開心，沒想到大人來，也可以玩的很歡樂。第一關彈弓憤怒鳥，是個非常有電影感的遊戲，彷彿電影情節般，唯有電影是鳥打敗豬，這裡是豬打敗鳥😂第二關是射籃，感覺像是整個夜市的籃筐都放在面前給你投擲，非常的過癮第三關是空氣槍，考驗射擊的節奏，我們都射不準就是了第四關是設空氣砲，戴上小叮噹帽攻守交換，非常有趣第五關是射箭，兒子最近剛好有讀到后羿的故事，整個人就是一副要射掉9個太陽的架勢第六關是雷射槍，拿頗具重量的仿真槍，因為有分紅點綠點，老實說有種亂槍打鳥的感覺第七關是diy飛鏢，很古早味風的摺紙，可以帶回家做紀念，憑手環還可以兌換小禮品戶外區還有飛盤，足球沙包，還有兒童腳踏車是可以讓孩子可以開心玩耍，消耗體力的地方最後因為今天下雨，所以沒機會玩的戶外的巨大標靶🎯，整體上是個不論晴雨天都能大人小孩玩的愉快的地方，非常值得推薦
,136,pos,3 個月前,值得一去，家人或朋友組隊一起玩遊戲。
,137,pos,8 個月前,位於宜蘭冬山鄉間小路中，佇立在一片的田野之中顯得特別的矚目，門口還有樂高拼成的人形射靶的樣子，不知道的還以為這是什麼熱門的約會聖地。裡面有多種射擊遊戲，可以增加大家的合作程度，可以互相對抗，也可以讓情侶的感情升溫哦！裡面最喜歡的遊戲是憤怒豬，也就是大家知道的憤怒鳥，要讓大家用豬射擊將所有的鳥打下來，之前在玩很大五週年展也有玩過類似的東西，還滿好玩的～室外更有全台灣最大的標靶，第一次嘗試標槍十分有趣，並不容易上靶，必須掌握投擲技巧，除此之外，還遇到在節目上出現過的飛盤遊戲，穿越呼拉圈計算分數，可與好友們無限遊玩pk，提升彼此情感。對了，中場還能兌換飲料清涼一夏喲^.^室內有DIY摺紙活動，適合親子家庭共同玩樂，培養孩子的專注力和創造力，還有這邊的工作人員都很有活力，細心指導各個關卡的遊玩規則，並且協助拍照留念！
,138,pos,8 個月前,來了很多次宜蘭，還被朋友笑老狗變不出新把戲。這次和三個小孩還有表妹表妹夫，決定改租摩托車，在宜蘭大街小巷穿梭著。遠遠看見一個招牌寫著［邱比準］頂著大太陽看著長長的排隊人龍在外面猶豫了好久到底要不要進來，想說衝一波。聽著工作人員解說，8到12人一組。一起進行闖關遊戲，進來之後～脫鞋，手上噴上消毒酒精。工作人員都很親切而且環境非常乾淨。每一位大哥哥大姐姐都在著和藹的笑容跟我們解說每一關的遊戲。那我決定一定要好好的寫評論告訴大家這個宜蘭的新景點.不論大人還是小孩，裡面的闖關遊戲都能讓你玩到Hi❤️❤️❤️憤怒鳥丶各式各樣的射擊遊戲，有弓箭丶標槍丶狙擊槍丶紅外線瞄準射擊遊戲⋯玩完之後還有小禮物🎁室外還有足球丶飛鏢丶腳踏車🚲在炎熱的天氣裡可以好好的休息一下準備迎接下一個景點❤️❤️❤️一定要來～不來你會後悔宜蘭推薦必來的景點
,139,pos,8 個月前,第一關就跟憤怒鳥一樣，但是相反要用豬射鳥，自己排完之後，跟其他人交換地方射擊，很奸詐，結果別人的很難射擊，自己的卻很難射。第二關真的很累，要一直投，重點籃球框很遠，籃球也很小顆，但是這樣很好玩，激起我小小的運動家勝負慾望，年紀大懶得動的人很適合來這關玩，而且還會變暗，感覺不像一般的籃球一樣。第三關這個要考驗運氣技巧也要，而且手速也很重要，這關真的不說真的有一些難度，不過玩的時候真的會很開心，想要多玩幾次，沒有射中就繼續，不停的射擊，直到成功。第四關跟哆啦a夢的空氣砲超級像，他還會給個竹蜻蜓工地帽讓你戴，如果一個不小心射不好，就會射到人的臉，就感覺就像風很大吹到臉上，後面最後還有互相噴氣，有夠好笑的。第五關拉弓箭真的很好上手，而且會玩上癮。第六關就像玩某一個我忘記的遊戲，打怪升級的概念，而且有一些真的超級小根本要亂射，不過真的還不錯，還有槍還跟真的一樣，還有點重。第7關其實就是飛盤，只要會丟都可以玩的很好，而且可以學忍者哈特利來射飛鏢。第8關足球小朋友一定都超愛玩，大人也不例外。第九關力氣要夠大玩才可以。我覺得這裡還不錯，大人小孩都很適合來玩，還可以練習一些東西，可以去夜市來試試看。
,140,pos,8 個月前,來宜蘭好幾次了近期發現這個新景點在加上之前在飢餓遊戲看到這個景點剛好可以來這裡體驗看看😁😁剛進到館時，人員熱情招呼講解也很有耐心、詳細這邊射擊類型的關卡也很多五花八門一開始會讓我們暖身運動一下便看到熟悉的憤怒鳥彈弓以前只有在電視或卡通遊戲看過玩過並沒有親身體驗過，覺得真的很有趣不像手機遊戲般簡單是需要體力跟技巧，熟能生巧後面還有投籃結合25個高低遠近不同的籃筐我跟我先生合力投籃玩得不亦樂乎不過因為平常很少運動在這遊戲後我腿軟惹🤣🤣很耗體力，這等同讓我運動了一下在二樓還有四個關卡可以玩有平常很少會遇到的空氣砲還有超激氣動衝鋒槍可以雙方比賽或者可以一起合作玩在戶外還提供軟式飛盤  提供玩耍、世界最大金屬巨靶整點提供、丟沙包搶分遊戲我跟我老公像回到小孩時期兩個人很幼稚的在戶外玩各項設施這裡的員工對於內部工作都有條有理分工合作介紹帶領各位遊客遊玩同時兼顧娛樂上的安全這裡也很適合旅遊遇到下雨時來遊玩是個娛樂觀光的好地方。👍🏻👍🏻👍🏻
,141,pos,8 個月前,在玩很大看到新景點覺得很新奇！剛好孩子運動會補假就趕快帶他們來了😂沒想到現場人還蠻多的，所以在門口稍等了一下！還好有電視可以看解一下無聊（剛好有玩很大）工作人員在入場前會幫大家繫上手環，並講解入場規則（館內不能飲食、吸菸、有關主的關卡可以玩一次、戶外區是自由闖關、整點才有開放巨型大靶）總而言之，把規則講述的蠻仔細的！入場後就開始闖關了，沒想到我玩的比兩個孩子還要瘋狂😂最喜歡的關卡是憤怒鳥～想當初我可是常常卡關呢！在這裏可以一舉擊敗他們！只有一個字～爽啦😏到了二樓，開始進行展櫃導覽，從石器時代的狩獵箭頭經過一些破壞變成小小一個，演變成戰爭用的武器，雖然只有簡單導覽，但兩個孩子很認真在聽大姐姐講解，寓教於樂啦！趁現在趕快拍他們倆認真的表情！（在家裡是看不到的呢^^“）二樓的關卡最喜歡改造步槍那關，有分成pk跟團體賽，我跟小妹一組，老爸跟弟弟一組，想當然是媽媽組獲勝啦～千萬不要惹老母啊😏👌時間過的很快～摺完飛鏢兌換完小禮物就往戶外前進啦！整點才有開放的大靶，還要等半個小時左右就先讓孩子倆自己玩戶外嘍！我已經把精力都耗費在館內關卡了😅就在戶外區坐著休息嘍！整體規劃的蠻好的，太陽那麼大，總不能讓工作人員帶整天大靶，別人的小孩也是人啊！這個是能體諒的！而且戶外飛盤足球就夠他們倆玩了哈哈！好啦我也不提大靶了，看工作人員示範很簡單，但根本就很難上！兩個孩子都上靶了，只有我沒有⋯工作人員也很體貼多給了我一次機會，我還是浪費了^^“果然玩遊戲除了需要努力還需要一點天分呢！謝謝邱比準在今天給了我們一個美好的回憶，除了遊戲新穎之外，工作人員也非常熱情，環境也乾淨整潔，我最在意的廁所部分也很乾淨，附有大罐酒精供客人消毒！非葉佩雯，真的蠻好玩的！會推薦小妹小弟的同學家長來玩的～！
,142,pos,5 個月前,闖關關卡豐富，各關關主也很會帶氣氛，特別是弓箭關關主看小朋友害怕，還幫忙照顧逗小孩，老闆有這群員工很幸福啊！加薪了！！
,143,pos,1 週前,好玩有趣適合大人小孩一同玩
,144,pos,3 個月前,每個關卡都很好玩又有趣工作人員服務態度很好 很活潑👍
,145,pos,5 個月前,"大小朋友可以團隊協力及釋放壓力與消耗體力的地方,入口需團隊進出,各關卡挑戰成績記錄在個人手腕上的紙手環,車輛僅能停靠在路邊。"
,146,neg,8 個月前,如果在google給五星評價，再訪時門票可買一送一。玩完覺得太趕了，前幾個關卡平均一個兩分鐘就結束，先前有評論說憤怒鳥可以自己排石頭，但我們去的時候是直接玩關主排好的，我們被安排跟另一組四人客人併團，但關主沒有協助平分資源（18發子彈），導致我們四個人一起射完六發子彈就結束，以200元/人的票價來說，管理應該做得更好。戶外場地可能因為下過雨，沙包跟飛盤都是濕的，現場也沒什麼人去玩，就只能讓小孩騎騎車、買冰棒來吃，邊吃邊等整點才開放的射標槍。現場服務人員很多，空氣砲和紅外線射擊槍蠻好玩，給兩星。
,147,pos,8 個月前,在國中入學的那年暑假，學校操場旁看到一群汗人操演訓練著，當他們拿起弓提起箭，上箭搭弓拉弦屏氣凝神百步穿楊，心內小小的靈魂產生巨震，彷彿那在耳邊的彈弦聲音是上輩子曾聽過無數次的樂章，在那時我就愛上了射擊這個原始卻永垂不朽的技藝。源於上古石器時期，人們苦無對抗天然強壯動物們的方法，牠們有著尖牙、有著利齒，往往需要付出血的代價才能獲得維繫生命的戰利品，而與生俱來智慧的人類創造了「射擊」這種方式，用獸骨、筋、石頭等物品製成弓箭，得以狩獵，賴以生存；而後世漸漸演化成軍事，也如現代娛樂的競技項目。難得來到宜蘭，聽到親友們介紹這間互動式射擊博物館，心中那射擊魂隱隱燃燒著；一個活動週期需要8個以上人數，如果不夠會與後來的陌生人並團，很適合親子一起來同樂度過悠閒的假期，館場人員很親切，儘管我們因雨導致人數不足一團底線人數，讓我們少人數開始活動，依然用心的介紹活動與場內的展覽，射擊是一個統稱，其中包含了各種投、躑、丟、射等等，在館內都得以接觸嘗試，本來期待著戶外有著號稱全亞洲唯一的巨大投擲活動項目，可惜因為顧慮場地溼滑沒玩到戶外三項活動，若要來的朋友建議詢問當地天氣狀況再決定是否過來參加活動。
,148,pos,8 個月前,在網路上看到冬山鄉的某條鄉間小路裡有著邱比準這樣一個有趣好玩的地方 在網路上看一看評價感覺也是很不錯 有蠻多不一樣有趣的遊戲可以體驗 於是趁放假期間趕快就帶著女朋友來朝聖一下 在這是體驗組隊闖關的一個遊戲方式 非常適合家庭或整群的三五好友一起前來體驗會更有趣好玩 闖關完之後還會依照體驗遊玩項目評分在手上的手環做評分的項目 相當有創意新鮮的一個想法 從一開始的憤怒豬 籃球  空氣砲 射箭 甚至到後面巨型鐵靶 都是在外面沒有玩過看過的一個新體驗 環境也是非常乾淨舒適 在DIY體驗區體驗摺紙還可以換飲料 真的非常不錯奧 館內人員也都很熱情解說也會跟大家互動 覺得體驗上真的是非常不錯奧 會推薦給我外縣市的朋友如果來宜蘭遊玩的話可以來嘗試一下這裡 帶小朋友也是可以玩的盡興開心奧 還有玩具可以選購 館內嚴禁飲食 也把環境維護得更乾淨更好 整體來說非常好奧👍
,149,pos,7 個月前,老公看到愛玩客介紹特地安排行程來玩，闖關遊戲非常適合親子來，可以增進感情，門票200個人覺得不貴，有可以換飲料、水或者是貼紙，貼紙很可愛適合小女生！還有可以折紙飛鏢👍室內闖關有室內1、彈弓-憤怒豬，因館主說今年是豬年所以是小豬攻擊小鳥，我就覺得蠻難，但是很好玩。2（2、射籃（很耗體力😅）3、射靶是圈全關最難的，那個碰碰槍真的很好玩，很適合新手跟小朋友。4、射空氣砲5、射箭（感覺最好上手）6、射擊（槍很重拿不動），室外也有丟飛盤、丟沙包、足球、跟超困難的巨大標靶（完全丟不中3次太少了😭😭😭）但也證明玩遊戲也是需要技巧的，這裡看起來很簡單但其實沒那麼容易哦。有機會想要再來挑戰
,150,pos,1 個月前,適合親子同遊～大概可停留1小時
,151,pos,8 個月前,這次公司年休，特地來到位於羅東體驗‘射擊’的經驗哈哈～ 剛進門還沒買票就被熱情的工作人員給驚豔到，不同於很多旅遊景點工作人員都跟自己上班時一樣厭世，這裡的工作人員不但熱情還會以非常活潑有趣的口吻介紹邱比特的歷史以及弓箭等等的現代歷史，而且如果不幸差一點點通關，還會給沙比斯😂😂而且各個關卡也都設計的非常好，每次都差一點過關真的很氣，除了第一關需要用力的地方，可能因為工作壓力累積太多，一次就通過，自己都被自己嚇到哈哈哈～ 後續幾個關卡考驗的地方也都不同，有的是手有的是腰，整個身體都有動到哈哈！圖片是其中一關DIY的產品，這裡真的有動有靜有吃有玩，絕對是經過羅東最佳體驗之一～ 這一次年假來到羅東邱比準射擊博物館真的是賺到囉！尤其是憤怒鳥的關卡，不僅有趣也非常舒壓，是適合情侶也適合全家大小一起出遊到訪的景點！
,152,pos,8 個月前,在尋找宜蘭景點時，誤打誤撞找到這個遊樂的地方，跟別的地方不一樣的是可以體驗射箭，超大的箭靶讓大家輪流PK射箭除了射箭也有步槍可以讓大家實際拿著射擊🔫通常在夜市看到一局都一百塊根本不會想花錢玩😂但這邊讓你玩到爽！槍超級重的玩到不想玩🤣然後讓我感到印相深刻的是空氣泡，他裡面會灌入環保煙霧，還需要戴上一頂小有竹蜻蜓的安全帽，可以一直射妳的好朋友，平時如果你跟他有仇請多射他一點，讓他臉霧到不能在霧，是不是很棒啊，最後你可以到1樓的地方折紙飛機、飛鏢帶回家做紀念喔！我們今天來到的地方真的太有趣了，快呼朋引伴來到邱比特的弟弟，邱比準在人間開的店吧！這裡的關主都很親切、很可愛、很熱情，而且都很不怕生會主動帶氣氛，就算我們乾到不行也會讓我們嗨起來😆，來到宜蘭別忘了來這合朋友們比拼一下，留下深刻的回億吧！
,153,pos,8 個月前,值得推薦的好地方，身為在地的宜蘭人，一定要來朝聖一番。館內共分十項設施，分別為1樓的憤怒鳥，投籃，色紙手裡劍DIY；2樓的空氣砲，吸盤弓箭，電子標靶，空氣槍打靶，再加上戶外飛盤，投砂包跟大的投槍標靶，每項設施都有親切的服務人員說明規則，內部環境非常乾淨，各項設施都超好玩！小孩玩過一輪還想再玩一次不想走。館內也很貼心的提供了小朋友專用的廁所跟洗手檯，對於帶小小孩的父母來說真的是相當的方便！因為是平日來玩，所以不用排隊，如果是假日來，一定要提早出門，不然會等很久(實在是太多人了，上次來還遇到整台遊覽車，就放棄了)，為了維持館內遊戲的品質，館方規定一組人結束後才能再進一組，假日大排長龍是一定的，所以一定要提早出門(最好是9點開門前就排第一組！)裡面玩的東西還蠻考驗技術的，可惜快樂的時間都過的特別快，怎麼覺得才剛進去就結束了，哈哈！
,154,neg,5 個月前,言過其實...門票250元遊玩項目時間大概3-5分鐘而已幾乎都不能重複，很趕時間的樣子館內有點小，設施都隔小間匆促且擁擠感，看了評論大概是刷出來的...不太可能再去！連diy也是紙，自己折，桌上夾在玻璃桌下然後要自己折！人員都在幹嘛呢？有點不太友善，到底是在幹嘛有點不太懂
,155,pos,8 個月前,這裡的關主都很熱情很會帶動氣氛來這裡可以知道簡單的邱比特與邱比準的故事我們通常都只知道邱比特而不知道邱比準原來邱比特會讓人愛上不該愛的人而邱比準是他的弟弟是個神射手而我們今天就是要來這裡練習成為神射手邱比特到了二樓還有石器時代鐵器時代的標槍頭解說還有最早的奶酪由來覺得有寓教於樂的效果我最喜歡投籃和射箭那兩關投籃那關越前面的籃越低分越後面的越高分於是我就戰略性的只投最前面的籃我們一次就通過很有趣射箭那關是我最擅長的一關因為我還射中了兩次蘋果讓我信心都來了最好笑的是空氣槍那關因爲我們根本都沒在瞄準竹蜻蜓都在射人臉還有請關主拍照的時候因為是用動動影片我不小心彈了出去射到關主臉上還非常的準真的快笑死還好關主沒有生氣除了合力也有對戰比賽我覺得很適合大家一起來挑戰一票到底可以在這裡打發時間輕鬆愉快歡樂，在這裡練習瞄準技巧，以後還可以去夜市挑戰類似的東西，覺得很不錯，如果是外縣市人不想去夜市也可以直接來這裡，安全又很好玩，想要比賽也是可以的，玩得開心才很重要，這邊來一切都很好，值得來一趟。
,156,pos,8 個月前,最近超火紅的邱比準射擊博物館就在附近，立刻出發前往，準備在博物館裡面開戰。邱比準射擊博物館離羅東市區、冬山市區都很近，在規劃行程時都可以排入門票大人小孩都200元，算算可以玩十項設施，還可以DIY換飲料，真的不貴ㄟ!!  帶上手環準備進邱比準射擊博物館挑戰，先聽大哥哥的解說，原來邱比準是邱比特的弟弟，為了怕自己像哥哥一樣箭法不準，對自己進行了特訓，邱比準射擊博物館就是祂在人間的唯一分店 (小孩子還真的相信了)，接著跟著大哥哥大姊姊進行闖關遊戲，巨大彈弓憤怒鳥，射垮磚頭！第一關就讓人超期待，把手機遊戲場景搬到現實中，發射砲彈娃娃，把憤怒鳥打下來，超級巨型投籃機，變身NBA球員一次挑戰25個籃框，最近迷上籃球的兒子，看到籃框就開始興奮了，超級巨型投籃機是團體賽，我們一起可以挑戰25個籃框，最後獲得87分的高分...一樓的設施只是讓你熱身，更好玩的在二樓，上二樓先別急著玩，先聽聽導覽，看看以前的人怎麼射擊，用什麼射擊，超激動衝鋒槍，掃射立靶看誰最神準來到邱比準看到衝鋒槍等級的氣動槍，不只孩子興奮，連我和朋友都High起來了，趕快裝填彈藥，等等要開戰，嘿嘿～多啦A夢的空氣砲，在邱比準出現了，所有關卡最有創意的就是空氣砲，利用彈射壓縮空氣，讓竹蜻蜓轉動，彈射出的空氣還會冒煙，真的超療癒的輕輕一彈，沒想到壓縮後的空氣威力這麼強，真的可以把竹蜻蜓吹動空氣槍會冒出陣陣白煙，真的好像發射砲彈一樣，發射空氣砲不是要攻擊對方，而是要跟對方合作，讓頭上的竹蜻蜓旋轉，到了下一關，射箭-寶貝是射箭高手，大家真的沒聽錯，曾經給他們去原住民部落體驗營玩過，拿起弓箭看誰能正中靶心，飛靶神槍手射擊-步槍射飛靶，選用高科技的電子感應步槍，對著螢幕扣下板機就會感應，不用擔心掃射會被子彈彈到，很像在玩大型電玩的射擊遊戲！DIY忍者飛鏢，換小禮物，把室內的關卡都玩過一輪，我們來到DIY教室稍作休息喘口氣，每個人選四張喜愛顏色的色紙，依照桌上的指示說明，就能做出忍者飛鏢，而且憑飛鏢到櫃檯可以換飲料或礦泉水，熱熱的天氣來一瓶運動飲料最消暑！世界最大金屬巨靶，整點開放親子同樂，世界最大金屬巨靶，整點時會開放半小時，讓在館內的顧客體驗。教練姐姐正在表演超遠距離投擲，巨型金屬靶-小孩也能玩，看看誰是標槍王，身為神力女超人的我，輕輕擲出就命中紅心，這下子連爸爸都要小心媽媽我的神了了！足球射門-戶外的設施無限暢玩，第一關由我們家的寶貝舉起腳射門，正中紅心，朋友的寶貝也不甘示弱，猛力一踢，用刁鑽的角度射入球門飛盤過山洞-將飛盤射入圈圈中就算得分，舉辦對抗賽，看看誰的飛盤射的最準沙包投擲-看看誰的沙包可以正中紅心，雙人比賽時，也可以把別人的沙包撞出去最後換取禮物時，寶貝超開心的！
,157,pos,3 個月前,小朋友很好體驗，可以讓小孩學習專注力和運動。
,158,pos,8 個月前,第一次來到邱比準玩～門票因新開幕成人票一人200元！（少50塊）裡面目前不開放停車，可以停在館外的路邊三角錐的對側，為了大家好迴車不能停在三角錐那邊喔裡面分一樓和二樓及戶外區；憤怒鳥的關卡佈置還原度蠻好的，整個關卡明亮可愛，也不至於到太難。投籃關卡沒有想像中容易，投完有運動到的感覺( ´▽｀)二樓有歷史小解說～擺設的樂高超可愛（重點錯誤）裡面關卡印象深刻的有困難的空氣球槍和空氣砲XD雖然它蠻難打的，但是工作人員很熱情，所以讓這幾關反而玩得很開心！當然戶外區的超大靶面一定要玩一下啊，還好我們來的時候沒有下雨，不然可能就玩不到了。整體而言這個場域很適合親子同遊或年輕人揪團挑戰，因為基本上要8人至12人成團，關卡設計也不會太困難，工作人員都是年輕人，很活潑也都會跟客人互動或適時的小放水，基本上場館內的人都玩得蠻開心歡樂的！工作人員是這邊最重要的資產啊！！！！XD
,159,pos,1 個月前,遊戲好好玩 工作人員超nice👍🏻
,160,pos,4 個月前,"親子同樂不錯,缺點是好玩的只能玩一次，很快就結束了！"
,161,pos,5 個月前,工作人員都有戴口罩很加分，加上闖關前都有消毒雙手，玩的還算安心。現在票價一個人250元蠻貴的，但是四人同行還有折100元還算可以啦！至少小孩子都很聽話，算是一個大人的天堂。年後會考慮帶親戚小孩再來的！
,162,pos,8 個月前,總共有七個關卡喔！第一個關卡是憤怒鳥，小朋友玩得很開心，玩偶都很可愛，第二個關卡是投籃，我們家小朋友本來就超愛投籃，平常都玩投籃機，所以很興奮！第三個關卡是空氣球槍，這關因爲那隻槍不好操控，所以要處理的好不容易，第四關是射箭，小朋友第一次玩，超有興趣的，雖然力氣不夠大，但是透過大人輔助，小朋友還是玩得很開心，第五關是空氣槍，像小叮噹那樣，要利用空氣把竹蜻蜓吹動，這個遊戲還蠻容易的，第六關是步槍射擊，不過是電子式的，所以一點都不危險，只是槍有點重，小朋友只能把槍放在桌上射擊，最後一個關卡是射標槍，在一樓戶外區，對於難得到戶外活動的都市小朋友來說很好玩，尤其是標槍平常難接觸到。此外，還有折紙做飛鏢，能讓孩子練習製作，還能將親手做的飛鏢拿至戶外區玩或帶回家喲！戶外區還有飛盤、踢足頭、騎腳踏車、沙包區等⋯不限次數讓小朋友能盡情玩耍，爸媽也能在一旁休憩，也不怕太陽曬。小朋友玩的不亦樂乎，是親子旅遊ㄧ個很棒的點，下次還會想再來的好地方。
,163,neg,5 個月前,因為員工旅遊的關係，公司已經打過電話且確認平日可以預約，等到現場後才說預約只是預約，還是要現場重新排隊，我覺得很爛。
,164,pos,4 天前,關卡設計有趣 人員服務親切👍
,165,pos,8 個月前,之前看人朋友來玩就覺得很特別馬上詢問在哪裡準備找一天過來玩很少有一個那麼吸引我的地方一直想來很久了但是都沒有時間過來玩到了的第一眼布入眼簾的就是一間很大的民宿🏨門票也很親民原價250元現在還是優惠價只要200元非常不吝嗇的總共有十個關卡可以玩還有可以給小朋友自己DIY 折紙飛鏢樓上還有一小段的歷史導覽讓你更加了解建議大家可以找一群家人或朋友6～8個人 組成一組會更加好玩 如果你人數比較少會跟其他遊客一起玩不過其實也沒關係還可以互相認識這裡的工作人員也都很親切很熱情我們是平日來 人不像假日那麼多工作人員還會多給我們秒數玩久一點其實來裡面只需要一個多小時的時間不會很久 也沒有限時間你想待多久都沒關係我覺得這裡也很適合親子來玩而且也很安全大推👍🏻可以來這裡走走放放鬆
,166,pos,8 個月前,宜蘭羅東的最後一站來到邱比特的雙胞胎弟弟『邱比準』的射擊博物館很可惜早上的一場大雨與全台唯一的戶外大型巨靶擦身而過，下次要再來挑戰。關卡內容設計很豐富，也有挑戰性💪💪💪解說人員很親切，也很nice😊還會幫我們拍照，留下紀錄。第一關 立體憤怒鳥搭建穩固的堡壘，難度提高很多！這關我們還使用了大大豬，一下擊倒了許多憤怒鳥～～Oh Ya～～而我們沒有豬隊友，只有神隊友，一起闖關，獲得勝利。第二關 瘋狂籃框看到這繽紛的小籃球，真想一股衝動想要衝進去，最後得分111分。到二樓還有解說導覽，增加我們對於箭的認識，古代人真的太有智慧了。第三關 boomco連發衝鋒槍有時噴出一顆有時噴出兩顆，後來只有碰巧打到一個，感謝姐姐們多賜給我們一小球打板過關。耶～～第四關 空氣砲這太酷了，原本只在電玩內看過，還是詠哥強，有練過哦～～尷尬的是我把竹蜻蜓的安全帽戴走，哈哈哈。第五關 射箭20分過關，第一支試手感，就貢獻給地板了，最後獲得12分，聽不錯了啦～還是詠哥厲害還打下一顆蘋果，第六關 電子射擊一開始團體戰1370分，後來二女對一男＝980：1170，團結就是力量。最後，還回味一下童年的飛鏢，並獲得貼紙呢！
,167,pos,5 個月前,適合親子組隊參加，有憤怒鳥射擊，團隊射籃，空氣砲射擊，射飛靶，射箭打蘋果，每一關都滿有趣的，分數高的獎品也很棒。另外，室外還有一些投射的遊戲。這裡排隊需要一點時間，完成全部的闖關全程約需要30-40分鐘。
,168,pos,2 個月前,很適合朋友們一起來玩！潛能全激發了！
,169,pos,8 個月前,咻咻咻~ 射出玩樂好去處！新奇值得！想打獵無去處嗎？來氣邱比準就對了！超讚超推推！！ 新的親子超好玩景點 亞洲首座射擊博物館 就在宜蘭： 邱比準！ 新開幕優惠價200 大元！適合大小朋友結伴來挑戰親變萬種的射擊遊戲，館內各項關卡，挑戰你的射擊技能與強項，考驗你妳你是不是天生的神射手！各項射擊遊戲大集合！# 一生至少來挑戰一次的地方！各個關卡都有館主為我們講解玩法遊戲規則，館主都充滿活力熱情，歡笑聲不間斷！ 近千坪的空間，邱比準設計了10 樣有趣好玩的關卡，有立體憤怒鳥、 瘋狂藍框、 Boomco氣動衝鋒槍、 羅賓漢射蘋果、 電子射擊Pk戰、 飛盤過山洞、 足球九宮格 ` 沙包擲準、 還有冒煙的DIY忍者飛鏢！樣樣都考驗著你的手眼力！如何射得快，射得準，射得巧，變身成現代后羿！來邱比準就對了！你，妳快來射一輪，跟邱比準一起完成一連串的射擊訓練吧！絕對不會後悔有別錯過的好玩景點！我在投籃的關卡獲得最多分，最有挑戰的關卡是射空氣炮最有難度卻十分新奇呀！還有世界最大金屬巨靶也是充滿挑戰和困難！ 必玩項目之一！下次來宜蘭一定要來丘比準喔！
,170,pos,2 個月前,不錯的室內親子景點，小男孩很喜歡。
,171,pos,8 個月前,因朋友的一張明信片，開啟了我們這次的家庭小旅行，雖然最近羅東陰雨綿綿，但感謝主，今日的氣候涼爽。剛到「邱比準」之時，就被工作人員熱情的招待，雖然整個場館只有我們一家五口（兩大三小），而且又在9:00一開門就抵達，但每位員工仍然用最有精神的態度來帶領我們，在他們身上，看見對於這份工作的卓越，更令我感到貼心的是，抱著一歲的小兒子，實在無法盡情參與，但每一關的關主卻在我們挑戰時，都陪伴著他，讓我們也能夠投入在每一個活動之中。此場館專注於「射擊」，並將射擊項目分別為觀察、節奏、專注⋯等，也透過不同的活動方式：槍、弓箭、籃球，甚至新世代的武器「憤怒鳥」，讓射擊富有更多元的學習，使得孩子們不僅只有胡亂的發射，更是能夠了解自己的長處，由此可知場館設計者的用心。雖然每一關進行的時間不長，但因為我們今天包場，貼心的關主還頻頻讓我們「加碼、練習、再一次⋯」，當然，人潮眾多時可能就無法享受這樣的服務。在最後，場館後方的空地也有放置適合孩子們的遊戲區域，讓孩子可以盡情地享受空間，也讓父母放鬆，享受安心的時間。推薦大家可以帶著孩子一同來經驗「邱比準」，一定會帶給孩子許多的歡樂跟驚喜，父母也能夠成為孩子的幫助，建立家庭的關係。
,172,pos,2 個月前,下次還要再帶朋友一起來玩
,173,pos,8 個月前,邱比準射擊博物館」是一間以「射」為主題的室內觀光景點，包含室內、戶外總共有10個不同關卡，要來挑戰你的準度、穩定度等各項能力，包括投籃、射靶、射箭、空氣砲、憤怒鳥彈弓、連發空氣鎗等之外，還有世界最大的金屬巨靶及紙飛鏢DIY，還可以憑飛鏢換贈品，不管晴天雨天都很適合一起來玩，也是很棒的親子景點唷!這一次想了很久終於跑來今年很夯的點！開起射撃挑戰關卡，有憤怒鳥射撃、藍球射籃、空氣槍射撃、打飛靶、弓箭手射撃、巨靶射撃、紙飛鏢製作！我們玩的很開心！是個適合遛小孩的地方！美中不足關卡都只能玩一次，意猶未盡啊⋯⋯老闆！你聽到心聲了嗎？戶外區的沙包丟撃和飛盤丟躑及足球射門是不限次數的喔！下次還要再來！！！
,174,pos,8 個月前,邱比準這個宜蘭景點真的超特別，進去了以後才發現原來這裡這麼好玩，有多項闖關遊戲，本來還以為只有小朋友會玩的很開心，沒想到大人來，也可以玩的很歡樂。第一關就是彈弓的實體憤怒鳥射擊遊戲，背後的憤怒鳥背景音樂讓人好印象深刻，畢竟這個遊戲當年紅遍全世界，想不到現在我們也可以實際玩到這個遊戲。再來下一關瘋狂投籃機，這邊有高高低低遠近不同總共有25個籃框，一分鐘內要達到分數才算過關，在這關不管大小的朋友都會在這60秒內瘋狂的投籃。接下來的空氣槍，是可以連發超強的空氣槍，裝好彈匣可以發射20發子彈，主要瞄準的是下面的靶。接著是打飛靶，使用的槍械可是1:1的模型真槍，真的很紮實的重量，飛靶有大有小，有遠有近，射擊是採用電子控制，所以不會有實彈。
,175,3,4 個月前,假日來每個關卡只有一次很快就結束了，不會有像玩很大裡的玩法
,176,neg,5 個月前,說穿了就很像是園遊會的闖關遊戲，兩大兩小共1000元的價格，個人覺得不太值得，甚至覺得挺無聊的，不知為何有這麼高的評價
,177,pos,2 個月前,很好玩，值得全家人一起來體驗。
,178,pos,8 個月前,用google 導航很快就可以找到目的地，他的位置是在市區附近所以很方便，一開始是誤打誤撞來的邱比準射擊，但今天天氣下雨，所以戶外區的活動沒有辦法體驗，有點可惜，一開始以為是普通的觀光工廠之類的，進來之後每個工作人員都非常親切，進來之後是以關卡進行遊戲，每個關卡都很好玩，就算是只有大人也可以玩的很開心，如果可以人數多一點還可以進行pk很適合一家人來這裡玩耍，場內環境、廁所也很乾淨，印象最深刻的關卡是真槍雷射射擊那關，槍是跟真槍重量一樣的，很有實感，另外出口區還有很多有關射擊遊戲的玩具，相信小朋友一定會很開心，進來之後大概會花費1-2個小時左右，很適合在旅程中不知道要去哪裡消耗時間的人，另外解說人員也會親切的幫大家拍照～有機會的話會想要帶家人來玩看看。
,179,pos,8 個月前,哇 發現這個的時候就非常期待 覺得怎麼有這麼特別的地方 還在台灣 所以就為了這個地方 來宜蘭兩天一夜 特地從桃園來宜蘭玩 而且現在搭配政府的政策 現在住宿有秋冬補助 還有夜市卷$200 台灣的夜市都可以使用 根本就賺到了邱比準而且門票才200塊 超級無敵便宜 好像來到什麼大學迎新的團康活動 或是只有在動節目才看得到的遊戲 不管是大朋友小朋友老朋友都非常適合來這邊一同參與 不管重回童年的快樂還是建造新的童年快樂 或是幫朋友自己來創造回憶 服務人員非常細心 也非常熱情 解說也非常詳細一個值得一來再來的地方 裡面有很多關卡都是耐人尋味 活潑生動有趣。也刺激 如果工作壓力很大也很適合來發洩 非常推薦大家來玩 非常值得👍🏼👍🏼👍🏼
,180,pos,8 個月前,第一次來到這個地方，是在網路上搜尋到宜蘭最新的，適合大人小孩來殺時間的好所在，先查過別人對這裡的評價極佳，適合六歲到九十九歲的地方，雖然，這個地點還真的沒這麼好找，需要靠Google大神幫忙導航，停車的地方在場地的週邊馬路旁，算很好停車且免費，遊玩需要門票，一個人200不分大人小孩都一樣價格，場地部分有分室內一二樓，總共六種不同類型的單次闖關活動跟戶外的超大型鐵網標靶可扔標槍，個人覺得仍標槍的關卡特別考驗技巧，光有力量是絕對無法取得高分的，還有無限次數時間遊玩的扔飛盤跟扔沙包的關卡，活動新鮮有趣，大人跟小孩都特別喜歡這種不會太累又很有挑戰的遊樂設施，很適合兩個家庭一同前往分組競賽來，小朋友喜歡投籃，射箭跟打靶，建議可以看闖關分數高低來決定小獎品的內容，讓大人小孩更想努力爭取高分。
,181,pos,8 個月前,今天來邱比準射擊博物館真的很開心，也覺得有流汗運動到的感覺，這裡的服務人員也非常親切，解說員在講解關於古代的「射」講解的非常清楚明白且易懂，在闖關玩遊戲的時候，服務人員也會很熱情的帶動大家的氣氛，還會給闖關的人加油打氣。 我覺得巨大彈弓憤怒鳥的闖關遊戲很好玩，真的很可愛，很像憤怒鳥的手遊一樣，我只射到兩個，不過服務人員還給我加碼的機會讓我再多射幾次，後來多中了幾個很開心～射籃的闖關真正遊戲開始的時候還會關燈，還會投射七彩迷紅燈的燈光效果，氛圍讓人緊張，以及時間的倒數會使人腎上腺素分泌旺盛哈哈～射空氣砲會讓人很有成就感，因為一開始完全沒辦法讓帽子上的螺旋轉動，但是只要抓到訣竅，就會馬上上手。射箭的闖關遊戲我覺得是最好玩的闖關遊戲，聽說也是難度最高的，但是射到中心的時候會很興奮呢。這裡的服務人員也都會主動詢問要不要幫忙拍照，這點真的太棒啦！
,182,pos,5 個月前,平日下午來四個人一組闖關，一樓關卡投籃跟彈弓蠻不錯，二樓的關卡有空氣砲、空氣槍、紅外線槍、等四關，手會有點痠，戶外最終關卡是投標槍，一人有三隻，很可惜沒有多玩的機會，接下來會到室內摺紙換舒跑，再來就是自由時間，可以自由玩飛盤跟沙包、橡皮筋槍。以上整段流程約一小時以內搞定。
,183,pos,8 個月前,難得全家人和朋友們一起來宜蘭玩帶著二隻可愛的小小孩和嗷嗷待哺的嫩嬰和一隻年邁高齡的小吉娃娃又剛剛好碰到了下雨天，很多的行程都要取消了，因為不能讓小孩子和嫩嬰淋雨，所以只能選擇室內的活動，在網路上意外看到有人推薦了邱比準，小孩們和爸爸們聽到要去玩射擊也躍躍欲試。這裡的關主和服務人員態度都超級親切，對小孩和嬰兒也很有耐心，ㄧ關一關帶著我們講解闖關，大家都玩的揮汗如雨！（小孩晚上一定超好睡）倒數第二關是DIY飛鏢，上次摺紙已經是國小的時候了吧哈哈哈真懷念，折完之後還可以對獎品（獎品是邱比準貼紙超可愛的）而且小孩對於摺紙也覺得好好玩好興奮！最後一關大人在室外玩射飛鏢、玩飛盤，小孩們在草皮上踢足球、騎小車車結束一整個行程。真的很值回票價欸！是個非常適合小孩和大人一起玩的地方👍🏻
,184,pos,1 個月前,好玩有趣會再找朋友一起來玩
,185,pos,3 個月前,這裏每個闖關人員都很親切，遊戲也很好玩！
,186,pos,1 個月前,值得二次再來的地方，有小朋友會更值得
,187,pos,6 個月前,哇嗚～刺激啊～還記得憤怒鳥嗎？只讓手指頭在手機點點的感覺是不是不過癮～在這可以全身體驗，用盡全力打擊目標～超過癮啦～原來我就是哪憤怒鳥～夜市神射手的感覺在這可放大體驗～想要射擊、想要投籃、想要體驗亞洲標槍手的感覺～在這可以ㄧ關ㄧ關體驗～ㄧ關ㄧ關挑戰～身旁還有夥伴爲你吶喊～就讓我們成爲小天使界的台灣之光～吶喊、揮汗、奮鬥、尖叫～吶喊完就發揮手巧，再運動手指頭～折折色紙回歸童年～成爲小孩折紙的偶像吧～戶外區又有足球、腳踏車、飛盤、沙包體驗～想試試自己手的穩定度、目標準確性、眼睛是否還健在～就來這嘗試看看～發洩小孩精力的好地點～這是ㄧ個好所在啊～讚～
,188,pos,8 個月前,宜蘭冬山最近新出了一個很好玩，又很智趣的活動地點。就是邱比準射擊博物館，開幕期間優惠 200$ ，身高未滿 90 公分者不用錢喲，但要與家長同一隊喲，吳宗憲主持的綜藝玩很大也有來這辦過活動，如果你是忠實的玩粉一定要來玩喲，體驗一下綜藝節目的氛圍。還有一個全纏二最大的金屬巨靶，還有哆啦 A 夢的空氣砲，還能當 nba 的神射手，如果來宜蘭一定要將此地列入口袋名冊喲，還有還有憤怒鳥，還有聞風喪膽的極線生存，還能當個弓箭手射箭。還有很專業的工作人員的介紹，講解從狩獵，戰爭武器，再到運動競技，射貫穿了人類的歷史。從維京人的鐵箭，直到古老的子彈都能在邱比準看到喲。透過團隊的運動過程，提升士氣，凝聚向心力。
,189,3,5 個月前,小朋友可以玩，但整體來說cp值不高，一票250玩下來大概只能撐一個小時
,190,pos,4 個月前,蠻好玩的地方，有幾個關卡挑戰，適合一群人帶小孩來玩
,191,pos,6 個月前,第一次來，工作人員詳細說明關卡規則，關卡內容都很有趣，喜歡射擊及互動的朋友很推薦來，結束後也有手做DIY體驗，門票200元，下午3:30後及下雨天無法玩戶外大型標槍，建議提早來，大約停留1.5～2小時。另因館內關卡有兩層樓，但沒有電梯，如有行動不方便者需考慮一下，館內也沒有停車場，大家都停路邊。
,192,3,4 個月前,服務人員親切，但只會造訪一次，沒什麼太大的吸引力
,193,pos,8 個月前,邱比準博物館，很有趣，我們在第一關射彈弓裡玩的是憤怒小猪遊戲，爸爸媽媽跟小孩分兩組，由媽媽組獲勝，很開心，第二關.射籃，關主訂的目標4個人要達成80分，我們第一次沒達成，第二次加碼才達成目標，好遜唷，第三關，碰碰槍，是要測試我們的節奏感，用空氣槍把球裝滿，會有標靶彈起來，70秒內要得到4分，我們4個人還打不到4分，後來加碼才有過關，玩到手沒力(可見平常缺乏運動，呵呵)，第四關，來到哆啦A夢關卡，竹輕艇帽＆空氣槍，分成兩隊競賽，這關爸爸大獲，第五關，射弓箭，射中蘋果滿分，一人三次機會，媽媽居然誤打誤撞的射中蘋果(我是神射手~~~~)最後一關是射擊遊戲，那把槍像真槍實彈一樣重，爸爸大獲全勝，真厲害，這幾關裡面，我最喜歡射弓箭遊戲，因為誤打誤撞得到滿分，這個邱比準博物館很優，服務親切又好玩，價格又親民，有來宜蘭玩的朋友可以來這玩玩，這裡是很好的選擇，很棒。
,194,pos,2 個月前,超級好玩的 下次在來找朋友一起玩啦
,195,pos,1 個月前,遊戲好玩，玩得很累 👍👍
,196,pos,5 個月前,"是親子都可以玩得很開心的好地方,寵物可入園但不可下地喔"
,197,pos,5 個月前,員工都很熱情，遊戲也很有趣，設施都算新，很棒的地方，適合全家大小來玩
,198,pos,1 個月前,闖關遊戲很好玩，推薦大家！
,199,pos,1 個月前,好好玩喔可以消耗體力及時間累
,200,pos,1 個月前,很棒，服務人員親切，非常推薦
,201,pos,3 個月前,親子共玩的好去處，刺激又可以練專注力
,202,pos,8 個月前,寒假時朋友寄來兩張明信片，讓我們有這個機會可以來邱比準，小孩從知道要來就開始興奮～進門前，工作人員會先幫每個人戴上手環，每個關卡計分都會在上面！第一關是憤怒鳥，就跟孩子們玩電腦的憤怒鳥一樣，抓著娃娃放在彈弓上，發射！第二關是投籃，不同高度距離的籃框，分數不同！我們四個人輕輕鬆鬆過關！第三關空氣發射球，前方的立牌會不定時的站起來，所以除了準度，發射的時間也要抓準，這關就有難度了～第四關是射弓，對孩子會比較困難，他們手不夠長也不夠有力氣！再來是空氣煙霧砲，一邊戴上小叮噹的帽子，另一方用煙霧射擊，射擊到的話，帽子上的小風車會旋轉，真的很有趣！接下來是紅外線射擊，這就不是我的強項了!最後還有diy摺紙，完成後就結束室內的活動了！外面還有好幾樣可以讓小孩玩樂一會！謝謝工作人員的協助，熱情招待，也會幫忙拍照喔！特別感謝工作人員還幫忙抱著老三，讓我們大人可以陪著一起玩！
,203,pos,1 個月前,蠻好的休閒遊戲場所，很棒
,204,pos,7 個月前,週末接近中午到要領號碼牌等了半小時左右，車子直接停在門口的鄉間道路靠水溝邊停。工作人員都很親切有笑容，室內闖關內容大人小孩都蠻喜歡的，可惜只能玩一次，戶外部份大標槍比較適合大人，有些小小孩也能玩的三輪車、小沙包、丟飛盤、踢足球，我們是午餐時間排到，有預先準備些輕食等闖完室內關卡後可以在戶外休息區吃（館內只賣茶葉蛋、運動飲料而已，沒有其他東西）
,205,pos,5 個月前,關卡多元，適合小朋友還有與朋友們前來玩耍，關卡都非常的有趣好玩。
,206,pos,3 週前,逗趣可愛又有互動性！
,207,pos,8 個月前,利用孩子們運動會補假來趟宜蘭之旅尋著綜藝玩很大的腳步，來到“邱比準”，一進門工作人員細心的介紹“邱比準”，還有工作人員們與小孩們的互動很親近，接著一連串的闖關關卡也詳細的一一介紹，小孩玩的不亦樂乎，第一關憤怒“豬”還蠻可愛的，第二關“瘋狂籃框”一家子真的“丟”瘋了超瘋狂，第三關空氣球（連發衝鋒槍）這個讓我這個媽媽覺得好玩，超想買一支回家玩玩，第四關空氣砲，搭配了一些物理原理讓小孩寓教於樂很棒，第五關弓箭射擊，超有成就感，個個都是羅賓漢呢，第六關兒子的最愛，電子射擊，小男生真的愛死這個了，還有，戶外射擊巨大標靶，看似簡單，真的讓我覺得超有挑戰，唯一美中不足戶外那個關卡沒有能被我征服太可惜了，最後還有D.I.Y 摺紙，培養小孩的耐心，原則上這裡還不錯玩啦
,208,pos,1 個月前,簡單 好玩適合團體對戰 服務態度好 讚讚
,209,pos,6 個月前,適合帶小孩子（至少中大班以上，國小以上就不用大人輔助）來一起玩。小孩會覺得好玩。差不多兩小時左右行程。雨天時好的備案。路邊停車即可。
,210,pos,3 個月前,簡單好玩。適合朋友一起來玩，開心  
,211,neg,6 個月前,優點：服務人員很親切👍缺點：關卡只能玩一次，一關最多5分鐘（投籃和憤怒鳥)值回票價真是言重了😅😅😅
,212,pos,6 個月前,偷蛋豬翻身做老闆啦，遊戲設計很有創意，超大金屬靶一定要試試看
,213,pos,6 個月前,博物館的成分不高喜歡玩夜市小遊戲的人會覺得很超值，對小遊戲沒興趣的人會覺得不值得~我喜歡小遊戲而且射中蘋果！所以給五顆星XD
,214,pos,9 個月前,覺得紓壓！目前開幕優惠價$200/人！看到網路上推薦來的，禮拜一下午來玩的，覺得最好玩的是樓上的射箭跟戶外大標槍！服務人員態度非常良好，介紹關卡很溫柔一點都沒有感受到不耐煩的感覺，一天接那麼多客人還能有這麼熱情的態度，非常值得鼓勵！雖然位於冬山，但離羅東車站滿近的，停車也很好停！有看到蠻多評論說沒有停車場，外面路也沒有畫紅線，這個景點外面也有擺放三角錐XD有問過工作人員，他們說停同一側方便別人會車即可，我覺得還ok啊！在南部也幾乎都是這樣，可能大家比較喜歡付費的停車場吧～唯一美中不足的是，有關主的關卡僅能玩一次⋯好想繼續玩啊～只好下次帶朋友的小孩來玩了～
,215,3,6 個月前,每個射擊遊戲都限時，都只是讓客人沾一下醬油，不過癮，花這個門票近來有失望到!!
,216,pos,8 個月前,上次看綜藝玩很大節目有來這邊錄影，小孩很想來！平日特地從台北驅車前往邱比準，離羅東市區很近，沒有附設停車場但路邊停車算方便！收費合理，90公分以下小孩免費，活動空間為一二樓，採闖關積分制，每一關卡都有關主會協助說明遊戲規則，服務非常親切，遊戲內容生動活潑，非常適合親子家庭同樂，2樓還有擺設櫥窗擺設古代至今的箭頭歷史由來，讓小孩增加知識寓教於樂！闖關完還可以到DIY教室完成任務，贈送小奬品！結束後還可以到後方半室內空間讓小孩玩耍。
,217,pos,3 個月前,有趣，適合親子家族一起同樂挑戰呦~
,218,pos,3 週前,我們都很開心來這裡玩
,219,3,4 個月前,門票不便宜，闖關只能玩一次，還算趣味~
,220,pos,4 個月前,適合群遊，天氣冷的時候只能在外面等有點痛苦
,221,pos,1 個月前,我覺得真的非常的好玩呦！
,222,pos,5 個月前,關主人很好～很適合跟朋友一起來❤️
,223,neg,6 個月前,已經答應等我們的人到讓我們進場，但是後面有大團30人沒告知不說明就不讓我們進去，漠視客人權益。
,224,pos,4 個月前,"多種射擊遊戲-超熱血、好玩,大人小孩都愛玩"
,225,pos,2 個月前,好玩又安全，氣氛很熱鬧。
,226,pos,3 個月前,遊戲體驗有趣，服務人員不錯，適合親子遊玩
,227,pos,8 個月前,遊戲完全不危險，非常有趣～～有別於外面的遊戲，安全也做的很好～大人小孩都非常適合～都有員工帶領氣氛跟說明玩法門票不貴～環境很乾淨，有室內冷氣遊樂設計遊戲（重點是冷氣！！！），也有戶外射擊遊戲，寵物帶推車可進，服務人員很喜歡狗狗～態度很好，會陪小孩玩～會炒熱氣氛，門票也不貴，闖關成功竟然還有小獎品可以拿～原本不知到宜蘭，還有這麼好玩的地方，特地從桃園宜蘭玩，想說有政府秋冬補助民宿1000元跟夜市補助200元，從台北來根本超級划算，邱比準是從綜藝玩很大，看到的～場地環境都做的很好～到達室內都有酒精可以消毒，寵物都非常歡迎，員工都很喜歡～有推車都可以進來～～～大推啊！！！年紀大的，大人帶小朋友一定都要來，因為都非常適合～～大推👍🏼👍🏼👍🏼👍🏼
,228,pos,2 個月前,好玩，種類很多，這飛鏢比賽哈哈哈哈哈
,229,pos,8 個月前,這個地點離冬山市區很近，遊戲關卡很多關，很適合爸爸媽媽帶小孩來玩，朋友間一起來玩也很棒，大人小孩都很適合。工作人員也都很熱情，除了說明遊戲規則和講解故事很活潑生動，遊戲結束後還會幫客人拍照，如果客人沒那麼多，工作人員都會讓客人多玩幾場。關卡很多種，有憤怒鳥、有雷射設計場、有投籃遊戲、有射箭、有超大型標靶、有飛靶......等，也包括手作課程，建議來的人可以預留1-3小時在這個地點，可以玩的很盡興，還會送一小瓶飲料或水。地點在冬山市區附近的田野裡，外觀看起來有點像民宿，可能會不小心錯過。現在還在開幕期間還有票價優惠，算是很值得(比台北價格便宜非常多)，這個錢花的很值得。推薦大家都可以來這裡玩，推推！
,230,pos,3 個月前,很好玩，很有挑戰性，適合團體朋友一起玩
,231,neg,6 個月前,好評都刷出來的，趕人匆匆結束，玩的非常普通，店家錢賺飽飽，我也來開一間好了
,232,pos,4 天前,非常適合多人遊玩地方
,233,pos,1 個月前,下雨天另一個好選擇！
,234,pos,7 個月前,適合小孩室內遊戲。可惜沒停車場，只能停「田」邊，停車和右邊下車要注意，小孩子別跌到溝裡～～最後折紙飛標那關，可能要改進，有點無聊。
,235,neg,6 個月前,爛到爆 排隊都亂排 只接大客人 就把人數少的客人騙到後面再重排 爛!還要200!
,236,pos,8 個月前,交通方便，離羅東市區很近，結束後剛好可以去羅東夜市逛街。現場沒有停車位，不過路邊停車滿方便的。有趣的小關卡，適合國小年紀以上的親子同行！年紀太小的話，可能比較不能理解遊戲規則比較可惜！關卡大致分為彈弓、投籃、射擊、射箭，每個關卡的工作人員，都很有耐心說明遊戲規則，過程中還主動協助拍照，讓我們留做紀念！所有關卡玩一輪大約一小時，適合當做旅遊行程中的一個中繼點。現場還有飛鏢、兒童腳踏車、足球，可以自行使用，剛好平日來不用人擠人，大人小孩都玩的很盡興！
,237,pos,3 個月前,好玩的地方，服務人員人也很好😆
,238,pos,2 個月前,老少咸宜，有趣好玩，推薦！
,239,pos,6 個月前,不管晴天或雨天都超適合跟孩子一起同樂哦！☺️☺️
,240,3,6 個月前,恢復原價後，人潮少了很多有關主的遊戲只能玩一次太少了
,241,pos,4 天前,很多有趣的關卡，推薦!!!
,242,neg,8 個月前,到戶外區之後完全沒人來告知是要做啥也不知道不用跟同隊一起行動了等了半小時發現標槍是整點的不用等同隊的一開始畫的手環一到戶外區就完全沒意義就這樣默默走人充滿問號然後解說員說展示的標槍頭是因為風化後才變小的笑死不懂就不要裝懂亂誤導民眾好嗎風化根本不會讓你維持同一個形狀等比例縮小
,243,neg,8 個月前,一組11人進行闖關，感覺人數過多太擠了，射箭/憤怒鳥...關卡，一人才打2-3發就沒了，籃球關卡11人擠在同一線上投籃也太擠了，手感剛來就結束了，玩的有點空虛，還在開幕期間，場外休息區，提供的飛盤及足球設備都破舊不堪。唯一覺得有感的是是服務人員都可藹可親。
,244,pos,1 個月前,很棒、人員都很親切 ^ ^
,245,3,7 個月前,園區沒有停車場，只能停在路邊，整個空間其實不大，每次進場人數有管控，體驗一下是不錯，但是要再去第二次就讓人猶豫。不過親子同遊倒是不錯的地方，可以一起闖關遊戲的歡樂。
,246,pos,5 個月前,適合帶小孩來打發時間和精力，不錯的地方，關卡頗用心的。
,247,pos,6 個月前,好玩，兒童票標準建議可以在放寬一點，90公分很多不能獨立玩。
,248,pos,3 個月前,超好玩，可以練體力。好有趣
,249,pos,8 個月前,完全不一樣的景點有不同的關卡，每種都很新鮮有趣上週末去戶外還多了『射飛斧』關卡真的是太酷了！可以想像你討厭的人在面前狠狠的朝它丟過去，一個字形容就是「爽」。而且工作人員每位都年輕有朝氣讓我們也感染了熱情活力連小朋友都說不想回家啊宜蘭必玩第一站，取得真的沒錯！值得推薦！
,250,3,10 個月前,無停車位，需停在館外的產業道路上。門票目前一人200元。採批次入場，一批8~12人，入館後依工作人員指示依序闖關，如果不想在館外等侯，建議9:00準時前往，第一批次入館不需等候。前往當日闖了11關卡，其中一關有摺紙飛鏢。戶外有:射飛盤.丟沙包.踢足球(以上三關可以無限次玩)跟戶外大型鏢靶(限設三槍)，較精采有關主的室內關卡有6關，有憤怒鳥設擊.投籃.空氣槍設擊。空氣炮設擊.射弓箭.電子槍設擊~~~每一關都還滿好玩的，但是都只能體驗一次，覺得很不過癮。全部玩好約1小時~~~感覺就像是把夜市的射擊集中在一個有冷氣的展館內，你可以一次玩很多種，但每關都只能玩一下下~~~總覺得意猶未盡~~~去了一次後，不太會想再去，覺得一樣的錢可以在夜市射得很過癮，還可以換贈品。
,251,neg,7 個月前,一開始到達工作人員告知前組客人剛進去所以需要等10-15分鐘，在等候一段時間又說有拍攝需要所以還要等30分鐘，下雨戶外關卡也不開放🙄🙄🙄🙄🙄🙄
,252,pos,5 個月前,門票250元，關卡很好玩，但只能玩一次，有點美中不足
,253,pos,4 個月前,哥哥覺得很好玩，下次還要來！
,254,pos,7 個月前,適合小孩，國小至高中(尚可)門票200，95公分就要收費，不過沒什麼適合此身高的
,255,pos,1 個月前,很好玩，服務人員非常親切
,256,pos,5 個月前,我覺得很好玩，也很新鮮的體驗，下次還會想在來玩。
,257,pos,1 個月前,純休閒，適合闔家光臨
,258,pos,5 個月前,帶小孩去還不錯的體驗，只是門票好像貴了點
,259,pos,7 個月前,開幕價門票200 有蠻多項射擊項目可以玩 中間摺紙會換到水或飲料 大型的標靶只有整點才開放 可能二十分到達最佳😂
,260,pos,6 個月前,還不錯，可以溜小孩，不過應該來ㄧ次就差不多了
,261,pos,7 個月前,很特別的一個景點難易程度適中對親子互動也很加溫價格又不算貴還有稍微的活絡身體
,262,neg,9 個月前,只能說，看外景節目比自己體驗好玩多了。1. 優點只有一個，新鮮感2. 門票換個無意義的手環，上面的記分完全沒有意義3. 第一關的憤怒鳥，因為遊客太多，員工的憤怒鳥排列根本與電視上或是youtube分享的不一樣，完全無法擊倒的排列，只為了趕時間，完全沒有疊高4. 每一關都像是催人趕快離開的感覺5. 勸低年級的兒童不需要入場，因為大部分的關卡無法玩6. 設備維護的也不是很好，再幾個月應該就無法完整體驗了7. 有些關卡，好不容易小朋友可以玩，卻還是一直趕小朋友離開，雖然態度不是不好，但感覺還是很差
,263,neg,5 個月前,大概一小時就結束！一個人要兩百五太貴了！！
,264,pos,7 個月前,綜藝玩很大，去過關卡(有趣好玩)，但只能玩一次(4星的原因)
,265,pos,7 個月前,組隊通關模式有的關卡蠻有趣的 有的娛樂性有點不足但整體來說很不錯 很適合親子遊
,266,pos,4 個月前,滿好玩的，且人美心更美對待特殊兒童
,267,pos,5 個月前,大家都很活潑 尤其是金屬巨靶超級酷👏🏼👏🏼
,268,pos,5 個月前,不錯唷！比現在滿街都是娃娃機的娛樂好多了！！
,269,pos,5 個月前,關卡好玩，耗能但很值得再來喔！
,270,pos,5 個月前,好好玩，適合團體一起來挑戰唷！
,271,3,7 個月前,組隊玩遊戲過關很不錯當天太晚去所以戶外的沒玩到門票算有點貴
,272,pos,3 個月前,超好玩的地方，練習手力。
,273,neg,7 個月前,這邊只適合小朋友來遊玩不建議假日去會很像趕場玩遊戲停車不便  沒有停車場 只能停在產業道路路邊
,274,pos,4 天前,很適合團體活動👍🏼👍🏼👍🏼
,275,pos,6 個月前,夜市遊戲變成室內。工作人員很熱情。老人家也能一起玩。
,276,pos,4 個月前,"好玩,有趣的地方~值得親子同遊!"
,277,pos,7 個月前,設施解說完善，休閒育樂可考慮的選擇，全部設施完成大約一小時。
,278,pos,6 個月前,值得體驗活動，尤其國小學童，促進親子活動好去處。
,279,pos,5 個月前,認真好玩又有趣，很適合全家大小一起玩
,280,pos,7 個月前,這裡不需要預約，小孩覺得不錯玩，很多闖關遊戲，但戶外的射箭，對小孩來說難度太高了，小孩也拿不動。
,281,neg,10 個月前,只能說他們行銷做得好，是一次性消費的地方。到了現場，沒有停車位必須路邊停車，每個關卡都玩不到2分鐘就結束了，員工講解的也不是很清楚…就開始進行遊戲，教育訓練不足…小孩90公分以上就要收費200，小朋友力氣不夠根本沒辦法玩，做完室內最後一關飛鏢就會趕你到戶外，戶外也沒人管理，大家在搶飛盤、沙包，不會有人來管理霸佔道具的問題，有小朋友亂射飛盤還打到我，覺得這間店家只是為了賺錢，根本沒顧到客人的感受！不推薦
,282,pos,6 個月前,買票進場玩很多種小遊戲，有一種來到夜市的Feel~
,283,pos,8 個月前,很好玩的地方，適合打發時間，大概一個小時可以玩完，動線規劃的不錯，進去後不會覺得擁擠，小朋友玩得很開心
,284,pos,8 個月前,蠻好玩的一個地方~大部分活動都在室內，所以我們雨天去這裡裡面有很多各式各樣的射擊關卡在關主的帶領之下可以玩得很開心雖然要湊人數組隊闖關每個關卡也只能玩一次有點意猶未盡不過整體很流暢、工作人員也帶領得很好
,285,pos,6 個月前,5個闖關遊戲外加户外遊戲，大概可以逗留1-2個小時。
,286,neg,3 個月前,玩樂東西為主，但是內容偏單調
,287,3,8 個月前,動線宣導稍嫌不足。假日人多，需要等上一個小時。闖關遊戲很好玩，可惜都只能玩一次
,288,pos,2 個月前,一個適合全家一起遊玩的好地方
,289,pos,4 個月前,適合親子玩樂，也是雨天備案的好地方。
,290,pos,8 個月前,很有趣的地方，適合多人一起來玩，大約十個左右最剛好，5、6歲的小朋友也OK車子要停路邊
,291,3,5 個月前,因為是團體旅遊，人多行程就雜了！
,292,pos,5 個月前,已經來第二次了，一直有新關卡！
,293,pos,7 個月前,帶孩子來，耗費體力的好地方！闖玩關我都累了😴
,294,3,8 個月前,竟然不能拍照，車子停在外面路邊，兩個小朋友玩設施一小時內全部玩完，感覺真的沒什麼，CP值真的不高。
,295,3,8 個月前,室內遊戲關卡滿有趣，但二樓關卡太趕無法像在一樓關卡好好感受到樂趣，另外室外區還有很大進步空間，太空虛，有待加強
,296,pos,1 個月前,下雨天蹓小孩的好去處
,297,pos,8 個月前,關主妹妹們很有熱情有活力，票價200元，個人覺得很划算，夜市玩幾個遊戲就超過200元了，帶小朋友來可以一起同樂
,298,pos,8 個月前,好久沒來宜蘭的輕旅行⋯這次想說換個不同的景點！每次都在電視上面看到這個景點⋯其實都很想來玩玩看！果真比想像中的還要好玩跟刺激⋯⋯最後還有玩到了超大鏢靶！！只能說媽媽的手 真的超強的！居然可以把標射在在上面！！下次如果有機會一定會再來玩⋯⋯⋯❤️❤️❤️
,299,pos,5 個月前,這裡好好玩，下次會帶朋友一起來
,300,pos,5 個月前,巨靶超級酷，真的很好玩，建議一堆人一起來
,301,pos,7 個月前,適合親子共遊的好地方，可惜當天氣候不佳，沒有玩到最具標誌性的戶外設施，下次再來玩！
,302,pos,4 個月前,體驗活動多，人員親切，適合親子一起遊玩
,303,pos,8 個月前,推薦～好玩～親子遊宜蘭新親子室內景點邱比準射擊館瘋狂好玩！射擊博物館結合憤怒鳥、空氣砲、射箭、投籃機等各種射擊遊戲，讓大人小孩玩到熱血沸騰聽說宜蘭新開了射擊主題的室內樂園我們一直很興奮，好不容易抽出時間來玩。
,304,pos,1 年前,I heard someone was abusing bad words when I was playing in Cupidshoot.I found that there are some “ABCs”were abusing and disrespecting the staff who works on Cupidshoot.(It’s might be Amy Ou) I’m very shocked and I saw the man who holding a bottle was scolding bad words everywhere and the woman looks like his wife was abusing too.Their children were also presents.That is very rude.I hope the staff works on Cupidshoot are alright. 中文翻譯 當我今天開開心心的在邱比準游玩的時候，我聽到有人一直在罵髒話。然後我發現ㄧ些“ABCs”在謾罵和非常的不尊重在邱比準工作的員工。（可能是Amy Ou他們的家庭）我很震惊，我看到了一個拿著寶特瓶的男人到處罵髒話，看起來他的老婆也在罵髒話。而且他們的小孩子也在場（就這樣一直罵髒話給小孩子聽）。这真的很粗魯。我希望在邱比準工作的員工們沒事。我很想說會講英文很了不起嗎不要以為自己是ABC就可以用這種傲人的態度來對待服務業。有什麼毛病嗎🙄🙄
,305,3,10 個月前,網路偶然看到，便前往感受活動，到達才知道有過電視採訪。週三上午前往，已有人潮，有遇到外國團客，也有安親班的學生團體拜訪，客人不算少。整個活動時間個人覺得有點緊湊，一共五關，不包含戶外設施。室內關卡其實蠻有趣的，只是真的有點短暫，也許有考慮到排隊人潮的關係吧！但節奏上還是想要再緩緩，畢竟小孩還沒進入狀況可能就結束了^^’’，或是小孩大一點再來，也許小三以上。
,306,3,5 個月前,服務人員不錯 但遊戲時間蠻短的 小失望囉
,307,pos,8 個月前,平日來很不錯，工作人員都很有熱情，人很好!假日來可能會人很多需要等待，也有沒有工作人員的關卡會需要家長管好小孩!關卡很豐富滿有趣的!推推~
,308,3,7 個月前,一團認識的朋友來玩就不錯玩，遊戲設計有點太簡短
,309,pos,8 個月前,來到邱比準射擊博物館好玩又刺激適合親子旅遊，每個關卡都有專人講解與介紹一點都不馬虎，服務態度也很好，小孩子玩到不想回家
,310,3,8 個月前,適合親子團體旅遊，室內活動滿多的，門票有點貴，可惜沒有什麼餐點跟室外活動。
,311,3,9 個月前,"比較適合十歲以下小朋友,但真的太小很多需要力氣又會因力氣不夠沒辦法玩,然後小孩大人票價都一樣也,大人會覺得太簡單的遊戲,稍嫌無聊,沒想像的好玩,"
,312,pos,7 個月前,遊戲很好玩，超級適合孩子來放電，大人也可以開心的玩～
,313,pos,8 個月前,射擊的概念變得多樣化，頗具挑戰性，忙著進行活動就没時間照相，最後還有做紙飛鏢的手作活動，蠻適合國小中年級以上至高中生參與，有些項目大學生或成年人應該也會有興趣參與。
,314,3,9 個月前,整體而言還可以啦~親子間有歡樂到~但現場等待和不認識的遊客一起組隊競賽的方式有點尷尬...再扣一星的原因是戶外標靶竟要整點才開放一次！！這我覺得不太合理..服務人員態度都不錯~停車不便~要小心水溝~
,315,pos,8 個月前,很有趣，很好玩呦~非常適合帶小朋友一起來體驗哦！！超推薦~讚讚👍👍
,316,pos,6 個月前,人好多呀，但其實沒有好玩到這麼多人應該來
,317,pos,8 個月前,我覺得很用心老板在這個地方耕耘付出經營在地景點值得支持啾咪❤️
,318,pos,1 年前,門票🎫 200$有以下這些關卡 完全屬於我個人遊玩後的心得。1.瘋狂投籃（真心覺得這個應該放在後面XD超累）2.射擊憤怒鳥 （自己把城堡疊起來然後射擊憤怒鳥）3.衝鋒槍（我實在沒這方面的天分⋯⋯）4.空氣砲（超酷，可以發射煙氣彈）5.射蘋果🍎（就是射箭遊戲）6.電子射擊pk（兩對人馬互相PK）7.射飛盤（戶外活動，一堆框框可以射）8.足球⚽（但是足球被綁著😂）9.丟沙包（在一個大碗鍋裡面）10.超大金屬射飛鏢（不開玩笑，真的超難射😑）這些是全部的內容，樓下兩關，之後上樓繼續玩下樓後會請客人先去折紙飛鏢（可以換獎勵，飲料/水/貼紙擇一）整體來說我推薦去試試看畢竟可以活動筋骨😂但是第一關真的超累😂
,319,pos,1 個月前,很棒 非常棒 團隊一起玩 很爽
,320,pos,5 個月前,我的老天~鵝~好累好好玩~小孩很適合
,321,pos,7 個月前,有趣，適合親子，但以國中生來說遊戲略簡單
,322,pos,8 個月前,大人小朋友都玩的很開心，人越多越好玩。打卡抽獎還中大獎。
,323,pos,8 個月前,大人小孩都覺得好玩的地方！ 關主很會帶動氣氛，絕無冷場！
,324,pos,5 個月前,裡面的遊戲都很好玩，服務人員很親切！
,325,pos,6 個月前,用心的經營方式，工作人員很有活力跟禮貌
,326,pos,8 個月前,"遊戲有趣難度不高，老少咸宜，服務人員講解清楚,親切有耐心，適合闔家來遊玩"
,327,pos,8 個月前,體驗闖關很有趣，大約需要停留一小時，門票250現在開幕優惠200
,328,pos,11 個月前,暑假排隊排有點久，不過裡頭的工作人員很熱情！遇到有些臭臉的客人還是以笑容去迎接，感覺教育訓練做得不錯。希望大家能體諒工作人員的辛苦，就算很熱，還是想給客人們最好的體驗！現在優惠票一人200元，採8-12人組隊闖關，很適合揪親朋好友來挑戰，就算跟我們一樣只是一個小家庭，現場的小姐會幫你們湊組認識新朋友唷！是個今年暑假帶小孩來玩還不錯的地方！
,329,pos,8 個月前,非常適合親子活動 或一群朋友，門票也還算便宜，非常推薦，大概可以待1-2小時
,330,pos,8 個月前,很多好玩的關卡，空氣槍跟憤怒鳥都很有意思！下次還會再來～😘
,331,pos,8 個月前,看了玩很大特別來玩關卡很有趣，大人小孩都玩瘋了下次還要來
,332,pos,4 週前,親子旅遊的好地方😉
,333,pos,9 個月前,很好玩！門票$200很值得！每一關都很用心設計，值得來一趟！8-12一組，有時候會跟別人併團但仍然很有趣！只能親身體驗，無法言傳～
,334,pos,9 個月前,很有趣的體驗，大人小孩都很適合來玩樂，一群好朋友來還可以一起競賽，戶外還有大型標靶可以投擲標槍，蠻好玩的。
,335,pos,8 個月前,很推薦大家出外可以來這裡出遊，非常適合親子同遊的地方！
,336,pos,8 個月前,適合全家大小一起來的場所，很多小遊戲。 帶小孩來放電的完美遊樂場。
,337,pos,9 個月前,入園一人250。會控制入場人數。類似闖關玩不同射擊遊戲。大約可以在園區待1.5小時。好玩歸好玩。但價錢稍嫌貴。感覺來一次就夠了
,338,pos,5 個月前,好玩！超刺激的遊戲全家人一起創關
,339,3,9 個月前,以室內的遊戲來說200元的門票有點貴，建議可以再多建造幾組遊戲。另外我家小孩5歲，裡面有幾個遊戲是無法讓小小孩馬上上手的，但仍然被收取200元得費用讓人感覺不是很好。
,340,pos,1 個月前,店員很親切 小遊戲很好玩
,341,3,9 個月前,關卡分數不好計算，如果要跟自己朋友要PK或比賽沒個準，投籃那個感應也差，沒進球也有分數，很不確實，真的只能玩玩而已，但也沒到很好玩。
,342,pos,3 週前,默契大考驗#邱比準#射射館
,343,pos,8 個月前,我覺得是個老少咸宜的好地方，值得大家來走走喔！
,344,neg,9 個月前,完全沒有資格稱之為博物館，感覺被部落客及店家愚弄了，cp值超低，想來的人最好不要抱太大期望。
,345,neg,6 個月前,亂排客人 爛 等到爆 反正客人多的就先接
,346,pos,7 個月前,室內射擊闖關好玩，可惜時間很短，可能無法玩得盡興~
,347,pos,1 個月前,各個工作人員都非常親切！！！！
,348,pos,9 個月前,以射擊相關的遊戲為主，適合親子同樂，門票200元左右，園區沒有停車場，汽車可以停在門外馬路邊，適合小眾家庭旅遊。
,349,neg,9 個月前,"很糟糕的地方。在田中間的民宅裡，關卡設在每間房間裡，容納不了太多人，只能分批進去，一次玩一次，被趕下一關，後批才能進來，外面沒大遮彭什麼的，一推人擠在農宅門口，進去沒20分就結束，不值得去，也不值200，埔心農場全票也才300,這裡簡直騙錢。"
,350,pos,8 個月前,遊戲設施多 關主親切 好好玩 適合一家大小來闖關讚👍🏼
,351,pos,8 個月前,挺有趣的親子好去處大學生如果彼此都很腦很容易歡樂就也會很好玩🤣🤣
,352,pos,6 個月前,好適合親子來放電的地方有趣又好玩👍🏻
,353,pos,1 年前,各類射擊遊戲非常有趣 但可惜遊戲只能玩一次 其實有時候玩得還蠻欲罷不能的 另外不知道這邊的規定是需要8-12人同時進場 所以需要跟別人併組 如果併的是很吵鬧的熊孩子或是很自我的人…唉!內心知道要體諒 但有時候真的很受不了當然知道店家要做生意要消化客人 但上限12人部分遊戲應該也要有足夠的數量 有些遊戲看得出來數量是不足的 少了一組道具最後戶外免費遊戲因為自由玩所以沒人管理 有時候就會發生一些人佔用比較長時間甚至所有道具的事 不好意思說的人大概就是默默離開吧!整體而言還是很開心啦 就有些小遺憾就是了
,354,pos,5 個月前,員工旅遊過來玩超好玩！多人挑戰！超推薦
,355,pos,3 個月前,在國內也能玩到相當有趣的射擊體驗
,356,pos,1 個月前,工作人員真•的•很•親•切
,357,pos,6 個月前,親子互動的場所體驗路線安排的也很恰當感覺不錯
,358,pos,8 個月前,好玩又有趣，工作人員也很親切！推薦親子行程♥️
,359,pos,8 個月前,雖然要門票，但是闖關都挺有趣的，玩下來大概一個多小時的時間，推薦
,360,pos,8 個月前,適合全家大小一起來玩的好地方，還有專人帶領闖關哦！
,361,pos,9 個月前,館主熱情 遊戲都超好玩的很多不一樣的新體驗 有機會的話一定會在過來玩帶很多朋友一起來這邊體驗遊戲💪
,362,neg,4 個月前,只適合有小朋友的家庭或小朋友佔多數的團體
,363,pos,9 個月前,好玩，訓練反應和靈敏，工作人員都很親切又漂亮，適合三五好友組隊來挑戰喔
,364,pos,7 個月前,假日人潮眾多，排隊等待時間長，建議平日造訪。
,365,pos,9 個月前,親子友善的好去處～有不同關卡，大人小孩都玩得很開心。適合2歲以上比較能玩
,366,pos,5 個月前,全家人的活動親子體驗讚大家快來玩喔
,367,pos,8 個月前,親子同樂的好所在，建議大人小孩都看可以來喔
,368,pos,7 個月前,大人小孩都很喜歡的室內遊戲場所，非常好笑放鬆的闖關遊戲
,369,pos,5 個月前,不錯玩，有點累而已。越多朋友一起來玩越有趣。
,370,3,7 個月前,假日人多，室內手作感覺空氣品質不好
,371,pos,5 個月前,遊戲還不錯，價格有貴一點。
,372,pos,9 個月前,開幕優惠價200元，蠻好玩的，玩的時間能夠長一些會更好！！
,373,pos,9 個月前,每個射擊關卡都很有挑戰性，如果憤怒鳥和空氣槍可以讓闖關者稍加練習更好
,374,pos,8 個月前,可以讓一群30歲的人瞬間降到心智年齡3歲的地方=)
,375,pos,9 個月前,喝勝！門票二百元可以闖關、吹冷氣、換贈品。還那麼多工作人員服務你👍小孩玩得很開心，下次見！
,376,pos,10 個月前,殺時間的好去處，經由玩很大介紹去的，但門票偏貴大人小孩均一價$200，全家大小一起玩的闖關遊戲，可以增進親子感情喔
,377,pos,9 個月前,超好玩～～很建議爸媽帶小朋友來玩喔❤️❤️店員都很親切👍🏻👍🏻👍🏻
,378,neg,10 個月前,部份員工對解說及互動充滿熱情  像是射標槍的這一個也有一兩個站只想趕快讓客人做完結束體驗很差 好地方 可惜遇到一兩個不對的工作人員人就不會想再來了
,379,pos,9 個月前,雖然地方不大，但我覺得很適合國小以下的小朋友喔～
,380,pos,8 個月前,好玩，簡單有趣如果想放空又不想太累的好地方
,381,pos,6 個月前,很適合小孩遊戲的地方，遊戲關卡設計的很用心！
,382,pos,4 天前,服務人員親切哦！
,383,neg,10 個月前,"門票1人200元,小孩90CM以上也是收200元,還沒有停車場,需停產業道路,只能說賺很大,不值得這樣的費用."
,384,neg,7 個月前,蠻普通的一個地方大部分的遊戲 只能玩一次...
,385,pos,7 個月前,射擊遊戲好玩！親子遊樂體驗很棒，價錢也可以接受。假日來要等很久。
,386,pos,9 個月前,憤怒鳥很Q工作人員很nice都幫我們拍照😆遊戲設計和動線都不錯很適合團體來玩
,387,pos,9 個月前,超級好玩～～～很適合找朋友一起來，關主也很親切可愛👍🏻👍🏻👍🏻
,388,3,9 個月前,"就花200 元玩夜市多種遊戲... 算划算吧, 其實有點無聊就是"
,389,3,10 個月前,遊戲內容覺得不值得200元，雨天沒處去只好來此消磨時間⋯服務人員態度都非常親切就是了！
,390,pos,8 個月前,設計的非常用心也很好玩!乁( ˙ω˙ )厂
,391,pos,10 個月前,遊戲設計有趣，有主題性，很不錯，但是…，就是那個但是…每個遊戲都像趕鴨子似的草草結束，服務人員大部分缺少熱情，體驗時間短暫，當日是假日，排1個多小時，室內玩大概半小時，就晾在室外，號稱10 項，但飛磐和足球實在不能算是一項…可惜了，再加強一下會更棒
,392,3,10 個月前,服務人員熱心積極，但雨天未開放室外大標靶，有點可惜。建議能提供顧客室內設施多一次遊玩次數，補足室外標靶無法使用的額度。
,393,pos,6 個月前,可增加親子互動，可惜闖關遊戲時間有点趕
,394,pos,7 個月前,很多好玩的關卡，小朋友玩的很開心喔！
,395,pos,7 個月前,200元的CP值稍低 再多幾樣會更好玩
,396,pos,8 個月前,適合一群伙伴好朋友來此一起闖關，也滿適合親子活動。
,397,pos,8 個月前,"邱比準是個不錯的地方,很適合大小孩,只是門票蠻貴的"
,398,neg,4 個月前,停車很不方便，場地太小
,399,pos,8 個月前,關主很用心，遊戲好玩無冷場。
,400,neg,10 個月前,若是路上有指標，或許人數會增加！但因有管制[這還能理解]外面人仕，應該是可增加買:飲食(料)坐椅！而不是讓人曬太陽[坐的地方，剛好照射]。樹陰下也可擺放椅子！
,401,pos,10 個月前,門口先領號碼牌，每次放行一組約八人，進去前會叫號碼買票~館內採闖關模式進行~幼稚園以上到大人都可以玩的很開心~
,402,pos,7 個月前,非常用心，感受狠好，值得ㄧ來再來
,403,3,10 個月前,場地很小，感覺是幼稚園改建的，所以沒辦法承受太多人，需要分批進場，很多遊戲只能玩一次，基本上去過一次不會再去了
,404,pos,5 個月前,關主人都很好 尤其是叫親家母的關主
,405,pos,4 個月前,大小朋友一起同樂競賽很有趣
,406,pos,11 個月前,本來以為會覺得很無聊 大哥哥大姐姐都很活潑 認真的帶活動 結果進去之後大人小小朋友都玩得很開心
,407,neg,10 個月前,網路Blog寫的很好，實際到現場很失望，遊戲像在趕鴨子根本就還沒學會，就開始遊戲了。不會再來～非常不推薦！
,408,pos,8 個月前,這個地方很好玩，適合全家大小一起來玩喔！
,409,neg,10 個月前,這個景點包裝和行銷做得很好，但是給孩子的滿足感很低，預期與體驗的落差太大，暑假人潮太多消化不了，於是讓多人同時操作，每人玩到的時間很少，感覺很空虛，不值得專程來訪，外縣市的人尤其要三思，遊戲沒有令人驚艶之處，只適合小學中低年級以下遊玩，學不到什麽，傳藝中心遠勝於此
,410,pos,10 個月前,很棒的體驗，裡面安排許多不一樣的射擊體驗 ，可惜去的時候是下雨天沒有玩到隱藏關卡 。
,411,pos,7 個月前,結伴出遊好選擇，適合親子互動，慢活休閒好去處
,412,pos,4 個月前,還不錯玩，但稍貴
,413,3,10 個月前,有10個關卡，1-7關每個關卡都很有趣，但都只能玩一次而已，進去不到2分鐘就結束了，覺得真的太少了，建議應該可以玩個2輪比較剛好。8-9關是自由外面丟沙包飛盤，10關射金屬靶。門票試賣200，玩的時間太短，大概30分就可以結束
,414,pos,11 個月前,躲在田中央一個不起眼的住家型建築，四周風景怡人，遊戲內容與電視節目配合，屬闖關射擊類遊戲關卡，好玩有趣但精緻度不夠，整場都年輕的工讀生在管理；假日需排隊，人數少會並團，每次約8-10人一個場次，大人小孩都能玩的開心，整個流程約45-60分鐘。
,415,pos,9 個月前,很好👌👍第一次看到不一樣的遊樂，可以再來嘗試玩
,416,pos,8 個月前,這裡真好玩喔！還可以射飛鏢打空氣砲！
,417,pos,8 個月前,有趣好玩的親子遊樂場有服務人員熱忱帶隊一同體驗遊戲樂趣
,418,pos,8 個月前,適合親子或學生聯誼的好場所，推薦大家來丘比準
,419,pos,9 個月前,宜蘭旅遊最佳去處帶整點標槍的女生很幽默金頭髮那個 我的菜：）
,420,pos,8 個月前,全家大小一起來玩～值回票價 好好玩👍
,421,3,10 個月前,假日人潮眾多不含排隊購票的時間不到1個小時就可闖關結束除非像今日因颱風關閉設施要不然每個遊具一定都玩得到7項關卡限玩一次且有時間限制所以有點快閃的感覺但因沒接觸過  還是開心
,422,3,10 個月前,一個趣味的遊樂地，湯姆熊遊戲小集合。但要注意雖然有免費入場的機制，但免費入場的人是不能闖關的唷，美意大打折扣。
,423,pos,8 個月前,有好多體驗關卡，很有趣，適合帶小朋友來玩
,424,pos,10 個月前,門票優惠價$200，裡面有約10種遊戲可玩，適合帶國中小的孩子來玩玩。
,425,pos,10 個月前,難怪這麼多人排隊，超好玩，七十歲以上長者免費，但就不能參與，建議還是買門票喔！長輩們玩的非常開心❤❤❤
,426,pos,5 個月前,數種互動遊戲關卡 大人小孩一起玩
,427,3,4 個月前,有趣，但項目並不多
,428,pos,6 個月前,感覺頗好玩，東西很多，可是感覺有點短
,429,pos,5 個月前,優秀的工作人員，及良好的遊玩地點
,430,pos,8 個月前,遊戲關卡多元好玩，適合全家大小一起玩！
,431,pos,8 個月前,很適合親子活動好玩孩子覺得箭不夠多哈哈😄
,432,pos,8 個月前,環境清幽 關主各個幽默親切美麗 適合親子來玩
,433,pos,11 個月前,先來這裡玩才去童玩節～一個雖然有冷氣可是會玩到很熱血的地方😂裡面的員工很努力在帶動氣氛！建議要抱著一顆快樂的心來玩比較好，你會發現非常紓壓～不要臭臉來又對關主很冷淡到最後又說不好玩，這樣會很掃興的🤔整體分數我給98分👍
,434,pos,9 個月前,帶標槍金頭髮的女員工很認真！遊戲新穎不錯玩！服務人員很熱情
,435,pos,9 個月前,適合親子共遊~裡面有約10多個關卡 但場地不大
,436,pos,9 個月前,服務員熱心解說，人多時需等待，大概停留2個小時就可結束。
,437,pos,8 個月前,工作人員詳細解說，適和兒童獨立自主遊玩的好地方。
,438,3,10 個月前,員工很親切，但假日人多每關卡玩的時間少，只會去一次。
,439,pos,3 個月前,超級好玩喔 工作人員很好
,440,neg,10 個月前,"解說不清、嚴~重~趕~場~、折紙自立自強(有問題可以問)，感受就是……騙錢,想來的請先有心理準備。"
,441,pos,10 個月前,非常適合小孩子去玩耍的地方遊戲偏老少咸宜 不會過於激烈對於年紀稍長的人來說可能會有點無趣二樓的箭頭等介紹不太專業全程大約1-2個小時會結束整體而言是帶小孩去的好去處
,442,pos,10 個月前,親子體驗的活動場所，各項小遊戲親子一起闖關還不錯。費用一人200元但假日需排隊等候，需耐心等待。
,443,pos,8 個月前,關卡好玩有趣，希望能常來坐坐！
,444,pos,8 個月前,親切～有趣～好玩～但是，有夠累....
,445,neg,11 個月前,個人覺得，不會在去第二次，闖關時間很短，每一關卡都很趕 ，關卡設計雖然有創意，但內容可以再加強，相當空虛，適合國小2年級以下的孩子，廁所有點臭，冷氣不涼！業配文太多....太美好
,446,pos,10 個月前,環境雖然不大，但是還蠻適合國小的小孩，一個房間一個小關卡，認識的人一起組隊的話會更有趣。可惜的是摺紙飛鏢的地方冷氣壞了，很熱。
,447,neg,11 個月前,很糟糕的體驗！設備不足以應付12人！未等人數到齊關卡就開始解說，口齒不清迅速帶過，關卡草率了結，立刻趕人往下一關！
,448,pos,8 個月前,各種不同的射擊玩法很有趣，小孩們玩的很開心
,449,pos,4 個月前,這裡珍的很好玩 很推薦大家來玩
,450,pos,8 個月前,帶全家出來走走第一次玩這種遊戲很新鮮
,451,pos,10 個月前,門票200元可以玩蠻多遊戲的!缺點是，在門口等進場的時間過久，入場後有些關卡也只能玩一下下有點小可惜
,452,3,11 個月前,遊戲本身是好玩的，但是一人只有2球或3支箭，真的很不過癮，一直被趕去下一關有點掃興，可以再有改進空間！
,453,pos,8 個月前,適合親子幼教娛樂的場所爸媽來小孩會很瘋
,454,pos,8 個月前,很多遊戲都很好玩，環境舒適，工作人員都很親切！
,455,pos,11 個月前,好玩的地方，可是玩遊戲要湊滿8…12人！可能會跟不認識的一起闖關唷！
,456,pos,8 個月前,很適合大人小孩一起同樂的地方覺得很棒👍
,457,pos,8 個月前,很開心跟爸爸媽媽哥哥一起來玩好興奮喔
,458,pos,6 個月前,實在太好玩了， 價格又不貴。
,459,pos,8 個月前,很好玩的射擊遊戲！小孩射弓箭射得比大人還好 XD
,460,pos,8 個月前,第一次來這裡，覺得非常好玩有。
,461,pos,9 個月前,適合親子，場地大，不適合團體，沒有停車場，每關都有專人解說
,462,pos,11 個月前,適合帶小朋友來玩。同行的親屬如果不玩闖關，應該可以考慮通融到後院休息。畢竟可以用手環辨識。
,463,pos,10 個月前,關卡有用心設計，很適合一家人去玩，動靜皆宜，適合再去挑戰，人多更好玩喔⋯⋯
,464,pos,8 個月前,好多關卡好好玩～很適合親子同遊哦！
,465,pos,11 個月前,關卡設計是有巧思的，但只能玩一次，沒關主的能無限玩，但就有些無趣，一直催一直趕著要往下一關，態度沒很好
,466,3,11 個月前,有很多小遊戲，適合家長帶小孩來玩，不過沒有停車位，要停在馬路上，對於要停車的遊客比較麻煩。
,467,pos,8 個月前,遛小孩的好地方 關主親切 遊戲好玩 適合大家來走走啊～～～～～～
,468,pos,6 天前,親子遊玩好去處
,469,pos,8 個月前,一次只能容納10人，人太多的話要在外面等待
,470,pos,8 個月前,每關關卡都很好玩，大小朋友都喜歡
,471,pos,11 個月前,非常親子同樂，大人小孩老人都有趣，有一群熱情活潑有禮貌的年輕工作人員，又會協助不方便的遊客參與遊戲，真的很貼心！
,472,pos,8 個月前,適合親自同樂下次會再帶小朋友來
,473,pos,8 個月前,好玩適合小孩玩 益智可動腦 又可運動 很棒
,474,pos,8 個月前,有趣的各式各樣活動體驗，適合全家一起來玩！
,475,pos,8 個月前,適合帶小孩子來玩，有闖關遊戲，超好玩
,476,pos,8 個月前,好玩，這邊有很多可以體驗射擊，可以玩兩小時，不錯
,477,pos,10 個月前,好玩又舒壓，適合大人小孩同樂，可惜玩的時間有點短
,478,pos,8 個月前,很適合親子玩樂的地方❤️舒適～
,479,3,1 年前,室內雖然不大，還要組8-12人才能進去，但還蠻好玩的，尤其是在大熱天或雨天。
,480,neg,11 個月前,服務人員說等半小時以上，現場等了一個小時還未購票，要來玩的人需要有等待的耐心
,481,3,11 個月前,覺得遊戲本身很好玩只是根本沒有什麼練習就直接上場每個房間都待不到4分鐘就被趕走了⋯⋯
,482,pos,8 個月前,很適合親子活動，小孩很有參與感。
,483,pos,9 個月前,還蠻有趣的關卡很多也可以拍照工作人員很人很好
,484,3,10 個月前,服務態度不錯，唯一可惜東西少了點。所以CP值不高
,485,pos,11 個月前,值回票價，大人小朋友都喜歡，關主很親切👍，關卡設計也別出心裁，是全家出遊的好去處。
,486,3,11 個月前,總共10關遊戲，老實說遊戲本身還滿空虛 ，室內冷氣也不涼，門票200覺得貴，不如去湯姆龍之類的遊樂場玩
,487,pos,10 個月前,好玩遊戲多樣化唯一的缺點是覺得工作人員ㄧ直催促進下一關
,488,neg,10 個月前,部落格和電視介紹的言過其實了。另外這只適合幼稚園到國小到小朋友而已
,489,pos,8 個月前,真的好好玩還送一堆禮物🎁🎊😍
,490,pos,11 個月前,關卡規劃很像玩大地遊戲，中低年齡孩子玩得開心。惟門口排隊非～～常久，尖峰時刻要有心理準備。
,491,pos,8 個月前,適合小朋友放電能學習專注力跟控制力道
,492,pos,1 年前,90公分以上，每人200元；室內關卡有趣，但只能玩一次，有點短...；室外射大靶還不錯。
,493,pos,11 個月前,不錯玩，有好幾關可以玩，不過可以再開拓有冷氣的休息區，順便提供餐點會更好。
,494,3,10 個月前,創意十足，整體來說還不錯但比較適合國中以下
,495,3,4 個月前,適合小三以下來玩親子互動
,496,pos,8 個月前,很好玩的地方，工作人員都很親切。
,497,pos,7 個月前,大人小孩的樂園、帶隊的哥哥姐姐很棒！！！
,498,pos,7 個月前,店員很親切很有趣，推薦大家過來玩
,499,pos,1 個月前,有趣，服務親切
,500,3,11 個月前,八個人玩比較ok  超過太擠，太熱。風很涼，殺時間不錯
,501,neg,10 個月前,每一關的空間太小.等待進大門前，可以多準備些椅子給客人坐嗎？
,502,pos,6 個月前,有趣好玩，很適合帶小朋友去玩
,503,pos,11 個月前,小孩放風的好地方，不過有些遊戲玩的很趕，玩興還未起，就結束了，有一點點掃興。
,504,pos,11 個月前,總共有十關，有各種的射擊比賽，還滿好玩的，比較可惜是好玩的都有次數或時間限制。
,505,pos,8 個月前,很適合帶小孩來玩 很多小遊戲 也很安全
,506,pos,2 個月前,來玩就對了！！！
,507,pos,5 個月前,接待人員親切，遊戲也好玩
,508,pos,8 個月前,新鮮有趣又好玩 很適合全家大小一起玩
,509,pos,8 個月前,闔家歡樂，很適合團體小玩放鬆
,510,pos,11 個月前,各種射擊活動，刺激好玩。如果每一個闖關都能夠長一點的時間體驗，就太棒了！
,511,pos,8 個月前,小朋友玩的不亦樂乎！可惜今天下雨不能玩巨板！
,512,pos,11 個月前,門票每人 200 元，身高不滿 95 公分免門票。裡頭的闖關活動還滿好玩的，大人小朋友都會喜歡。路邊可停車。
,513,pos,8 個月前,好玩 但希望每項遊戲的時間可以長一點
,514,pos,9 個月前,蠻有樂趣的一個地方。但車只能停在路邊。
,515,pos,11 個月前,闖關很好玩，工作人員也都滿入戲很容易進入射擊的情節，開始嗨起來(?
,516,pos,11 個月前,很棒的親子活動館，遊戲多元小孩都愛，而且有室內戶外，讓小朋友跑跑跳跳!!!
,517,pos,8 個月前,這裡超級有趣又好玩下次再來玩呦
,518,pos,11 個月前,室內遊戲很好玩～只是人很多，到場時需要等一陣子!
,519,pos,8 個月前,愛玩射擊遊戲的大小朋友這是一個不錯玩的地方
,520,pos,9 個月前,很多團體遊戲，也有兒童遊戲區規劃的很好
,521,pos,11 個月前,室內射擊很有趣，適合上國小的小孩，整間體驗完大約1小時左右，假日要早點到場排隊。
,522,pos,11 個月前,遛小孩的好地方，大人也會玩的很熱血，戶外的金屬巨靶超酷的！
,523,pos,8 個月前,很好玩 很適合大人帶小朋友來玩 推推！
,524,3,11 個月前,用創意遊戲招客.雖有新鮮度.但後續持久性就非得靠更創新的新遊戲
,525,pos,1 年前,"只能說是個家庭景點(for小孩)或剛在一起的情侶可以去增進感情的點, 類似付門票去大地遊戲闖關, 停車只能在田間小路的路邊, 假日不管是停車或是排隊應該都會是個大災難"
,526,pos,11 個月前,宜蘭必去景點！充滿活力的地方，很好玩，下次還想再來一次
,527,neg,11 個月前,只能說網路文章 寫太好爬文爬到就去了不會再去第二次
,528,pos,11 個月前,好玩 但是真的只適合小朋友 建議關卡設計有對抗賽 會讓大人更有參與感
,529,pos,7 個月前,非常適合全家大小一起來闖關喔
,530,pos,8 個月前,好玩，很多射擊遊戲玩到肚子餓！
,531,pos,8 個月前,遊戲多元有趣，非常好的體驗：）
,532,pos,8 個月前,這裡非常好玩，很多遊戲跟射擊可以體驗
,533,pos,8 個月前,第一次來這邊 好玩又有趣 下次會在來
,534,pos,6 個月前,好玩，大人小孩一起同樂
,535,neg,10 個月前,匆促趕人過關卡，空間又窄小，很不值
,536,pos,1 年前,看的出來有精心規劃闖關內容，且活動的服務人員也很活潑熱心的帶活動，讓人不會感覺沈悶。門票兩百元算可以接受。
,537,pos,9 個月前,適合親子同遊，但沒停車場。
,538,pos,1 年前,各個關主解釋詳細，熱情活潑，帶起氣氛不遺餘力，美中不足的是節奏太快，一直趕趕趕……然後摺紙的時候突然被放生，有點虎頭蛇尾的感覺……關卡的設計蠻有意思的，建議三年級以上在來玩，可能會比較盡興，小小孩真的不太適合，多人競賽更棒！整體來說，還是非常值得前往的喔～
,539,pos,8 個月前,宜蘭新的遊戲景點非常推薦大家來玩喔⋯⋯
,540,pos,11 個月前,關卡設計的很用心，關主態度很好，而且是個遛小孩的好地方
,541,pos,11 個月前,好好玩的地方，也很適合小孩放電，下次一定會想再來
,542,pos,8 個月前,超有趣的各式射擊體驗！超友善貼心的服務人員！
,543,3,10 個月前,以遊戲設施來說，收費稍貴了些。
,544,pos,8 個月前,第一次跟朋友來邱比準  一起遊戲很有趣
,545,pos,11 個月前,非常有趣好玩的地方！很適合帶小朋友一起來玩得地方！
,546,pos,8 個月前,闖關成功! 好玩~很適合親子唷！
,547,pos,11 個月前,射擊遊戲有創意 能去玩個一次 若要再去 要有更吸引人的地方
,548,pos,1 年前,門票兩百很划算闖關遊戲也很多元有團隊積分和對戰類型適合8-12人組隊參加門口的姐姐態度很友善 推
,549,pos,4 個月前,好好玩，值得推薦好棒
,550,pos,1 週前,服務人員很親切哦！
,551,pos,1 年前,很不錯的地方很適合大朋友一起來玩小朋友覺得國小以上比較適合關卡都蠻用心設計硬體軟體都不錯關主很活潑也很有耐心介紹推薦！
,552,neg,10 個月前,感覺像趕鴨子一，跟本不可以盡情玩。
,553,pos,8 個月前,好多遊戲還有禮物拿開心開♥
,554,pos,1 年前,小孩玩得很開心，只是很可惜闖關時間很壓迫，有的關主敘述遊戲規則聽不太懂。
,555,3,1 年前,室內關卡只能玩—次，而且玩得有點趕，户外雖不限次數也只有三項能玩，所以有來玩過就好了，應該不會再來了。
,556,pos,1 年前,"大人小孩一起玩還蠻開心的，但是小女生力氣不大射擊幾乎都沒法玩（可是門票一樣要200啊～），200真的有點貴，不到一小時就沒了，送的禮物也太小氣了（礦泉水.貼紙或10元飲料三選一）,這樣的價位會覺得去過一次就好了！"
,557,pos,1 年前,獨立一棟樓，旁邊都是田地，別害怕你沒走錯，進去就對了，騎機車停在外面馬路邊，與建築物同側。大人小孩都可以玩，我們四個大人去玩也可以。共有九個小遊戲，有七個關卡需要工作人員帶（玩一次時間包含講解大概五分鐘），另外兩個是自己玩的。可惜沒有練習機會，一次就要上場，就結束了，很快就玩玩關卡了。玩的時候很好玩，只是只能玩一次，不然可以玩一整天。除了遊戲，還介紹一些古代使用的小兵器（真的很小）。我們早上去，中午就離開。館內不能飲食，但有戶外場地可以飲食。入場人數6~10人，如果人不夠，會稍等3~5分鐘，沒有其他人再進去，如果人超過要等下一批。分享幾張遊戲照片~
,558,pos,11 個月前,很好玩，關主很親切熱情，不管大人還是小孩都能玩的很高興
,559,pos,9 個月前,豐富的射擊體驗，適合全家大小一起玩，宜蘭親子遊
,560,pos,10 個月前,其實蠻好玩的，簡簡單單的射擊遊戲，但也頗有心機。
,561,pos,9 個月前,地方還行，工作人員加分。
,562,pos,8 個月前,很適合帶小朋友一起來，老少咸宜
,563,pos,8 個月前,放生小孩的好所在～工作人員親切
,564,3,1 年前,室內五個關卡只能玩一次，有些還卡彈，有些有點空虛，體驗一次即可
,565,pos,8 個月前,適合全家大小一起來玩，值得推薦
,566,pos,1 年前,每場關卡夭壽北爛的好玩～工作人員都是當地宜蘭人無敵熱情！！！下次再揪人來玩～
,567,pos,8 個月前,萬聖節摸彩活動！超好玩！讚👍
,568,pos,1 個月前,完全的舒壓👍👍👍
,569,pos,11 個月前,室內有冷氣的新景點。缺點是假日進場要等很久！
,570,pos,1 年前,罕見的射擊主題館耐玩度約1.5小時最適年齡是5-16歲單次操作人流限制約12人共分10關室內七關 外三關 隱藏一關小小孩會喜歡一樓三關尤其是憤怒鳥跟籃球二樓的關卡比較成熟一點應該適合國小高年級到高中包括模擬步槍 多啦A夢空氣炮都非常有趣戶外三關皆無關主但其實已經是錦上添花用的了隱藏關卡：巨靶標槍要看氣候開放門票價200 內含一罐運動飲料全館室內不能飲食不好停車
,571,pos,11 個月前,超級好玩，員工態度良好，尤其是那個濃濃，爆正。
,572,pos,1 個月前,親子娛樂好地方
,573,pos,11 個月前,講解的清楚又好玩，培養團體遊戲的精神，值得來哦！
,574,pos,8 個月前,超好玩❤️有好多的小遊戲
,575,pos,1 年前,新開幕景點。雨天也能來玩！員工很有活力，設施頗有趣，以有些項目（電動飛靶、空氣連發槍）外面玩就要1、2百來說，這裡算是划算的！完成摺紙手裡劍可以換飲料或水或貼紙。（建議小朋友大班以上再來比較有趣）。項目有七個室內（只能玩一次，約莫2分鐘一項目）+三個室外（有雨遮、無限次數，較適合小孩）、世界最大的標槍靶遇雨不開放。
,576,pos,9 個月前,有十個不同射擊關卡！遛小孩非常適合
,577,pos,6 個月前,親子同樂 大人也玩開了
,578,pos,9 個月前,很好玩很有趣，下次還要再來玩!!
,579,pos,8 個月前,可以玩闖關活動還不錯，開心
,580,pos,8 個月前,看綜藝玩很大來訪 小孩覺得有趣
,581,pos,8 個月前,非常的好玩，值得再次回來玩喔
,582,pos,8 個月前,很好玩適合親子同樂的地方！
,583,pos,9 個月前,很好玩，適合大小朋友前來玩
,584,pos,8 個月前,偶爾帶小朋友來這邊玩還不錯
,585,pos,8 個月前,"很有趣,很適合全家一起來玩!"
,586,pos,9 個月前,【《2019》宜蘭最新景點-開幕優惠！】入館門票費用為200元(原價250元)可憑票暢玩10大關卡（晴天☀️有隱藏版關卡-戶外金屬巨靶，射標槍體驗）DIY摺紙飛鏢，可憑戰鬥手環好禮三選一：FIN運動飲料、水、貼紙⊙不需預約，現場取號碼牌，叫號購票入館（40人以上團體建議預約，限平日）　開館時間：09:00～17:00（最後售票時間16:15）最好15:00前入館，才有機會體驗丟標槍　每週四公休(遇連假調整公休日，以臉書粉專公告為主)⊙在近千坪的空間，設計許多有趣好玩的關卡：立體憤怒鳥、瘋狂射籃、蹦蹦槍、空氣砲、射箭、電子飛靶、DIY紙飛鏢、飛盤、足球、沙包、金屬巨靶丟標槍*$200能享受這麼棒的空間，冷氣、舒適、很多大哥哥大姐姐親切的服務，真的超級划算的👍
,587,pos,1 年前,蠻好玩的~闖關活動~最後可以免費摺紙飛鏢 戶外希望可以更多遊樂設施或著給小朋友玩的東西
,588,pos,8 個月前,很好玩很鬧，適合一群朋友一起來耍北七
,589,pos,1 年前,很有趣的休閒活動地點，非常適合來宜蘭玩安排的行程的啦，館內活動豐富，收費合理，員工親切活潑
,590,pos,9 個月前,很好玩，適合帶孩子來體驗。
,591,pos,1 年前,一些簡單遊戲拼出十個關卡，遛小孩好地方喔！
,592,pos,1 年前,大人小孩一起玩是不錯，室內的活動就只能玩一次，整個活動大概40分鐘就結束了，門票價格稍貴(目前優惠一人200)，可當成下雨天的備案
,593,pos,1 年前,很適合小孩子來玩 但是孩子覺得不夠盡興建議闖關的時間 可以在長一點或著關卡可設計更多但妳們的熱情 感受很好
,594,neg,1 年前,非常不值得一人花$200來玩也不適合110公分以下的小朋友超過90公分還照收200元裡面的弓、槍都有一定的重量，年紀太小根本玩不動建築看起來也舊舊的，男廁看起來像幼稚園的廁所雖然說有十關，但下雨會有三項不能玩買票時也不告知會少三項，更別說會退你三項的錢關主說明關卡的時間，比你玩遊戲的時間還長總共不到一小時就結束了之所以評價高，是因為要你打卡評五顆星，才送一張明信片我沒拿明信片，所以老實評兩顆星不會再來第二次了
,595,pos,1 年前,有點騙小孩～不過可以當作一個躲太陽的好地方，停車也是違停在外面ok的✌
,596,pos,1 年前,很推薦體驗，環境優美，遊戲關卡都有特色，會消耗很多卡路里，而且目前射手座免費！館內的工作人員非常熱情介紹，入口處等待時認真解說邱比準是邱比特的弟弟...哈哈，第一關關主Yuyu很會炒熱氣氛、讓我們快速進入射擊劇情，二樓關卡比較需要等待，但是工作人員還是會用心照料每一團體，謝謝，辛苦了！另外覺得明信片的行銷很棒，非常有心意：）ＤＩＹ處有販售一些玩具，和市面上價格一樣，不會比較貴，買了飛鏢靶很開心！覺得這裡也很適合和公關公司合作辦聯誼活動，場地美，主題明確，又能很多互動。還有個小小異想天開，如果把漆彈和實境雷射槍戰也納入，就是很全面的射擊館了！（不過場地、人員和器材維護都所費不貲...也希望客人源源不絕！）
,597,pos,9 個月前,玩得很開心，大人小孩都適合
,598,3,10 個月前,大約停留一小時！小巧的觀光景點。
,599,pos,9 個月前,實在太好玩了下次帶朋友來♥
,600,3,8 個月前,不錯玩，不過裝備開始舊了
,601,pos,5 個月前,適合親子共遊的好去處
,602,3,7 個月前,小孩喜歡，大人會覺得SOSO
,603,pos,8 個月前,很好玩，下次可以在來👀
,604,pos,8 個月前,很好玩，很適合親子旅遊。
,605,pos,8 個月前,工作人員很親切，小朋友很適合去玩
,606,pos,9 個月前,這邊服務很好。很好玩唷！
,607,pos,11 個月前,溜小孩的好地方，工作人員皆很熱情
,608,pos,11 個月前,還不錯，如果遊戲次數可以更多一點會更棒
,609,pos,8 個月前,服務很好 適合大人小孩來玩
,610,pos,8 個月前,我會再和朋友一起來的。
,611,pos,11 個月前,服務人員態度非常親切，很適合全家大小來玩
,612,pos,1 年前,遊戲算有趣，但是好趕，但滿適合小朋友國小以上
,613,pos,11 個月前,場地規劃很好，工作人員態度好，值得來玩
,614,neg,1 年前,快四點到結果只能玩6個關卡，划不來就算了，人員態度也不好。
,615,pos,8 個月前,邱比準新開幕，非常好玩～快快來～
,616,pos,1 年前,非常適合親子活動~~就算是大朋友也可以玩的很開心~~
,617,pos,8 個月前,練準度、注意力的好地方!
,618,3,11 個月前,新景點，地方不大，停車尚可，大型巴士無法進入
,619,pos,1 年前,超級好玩，大人小孩都適合哦！90公分以下免費，下次帶朋友再來玩！！
,620,pos,1 年前,超好玩超刺激，適合全家一起玩的景點每個人都可以玩到 ，是宜蘭必來的地方
,621,pos,8 個月前,小朋友消耗時間跟體力的好地方
,622,pos,8 個月前,這裡的遊戲真的很好玩喔!
,623,pos,8 個月前,適合大朋友帶小朋友來玩喔
,624,pos,1 年前,雨天有些器材不能用，應該便宜一點！解說人員放慢速度會更好！小四以下有些需要力氣的設施不能用，適合親子的行程，又不能帶太小的孩子，真是矛盾的地方！
,625,pos,11 個月前,小孩很喜歡，但待的時間約1-2小時
,626,neg,1 年前,每個遊戲1分鐘，室內射擊6種遊戲，不含解說加起來共6分鐘的射擊時間，至少遊戲時間要長一些，進去每個房間像趕鴨子，其他室外的遊戲就無趣，丟飛盤，踢足球，丟沙包，進去到出來不用1小時，濃濃的空虛無力感
,627,pos,1 年前,這個 邱比準 Cupishoot 射擊館是個好玩的地方，一進門就有不同射擊等你玩，還有每部份有專人介紹，也有射擊歷史的古代文物介紹，館內都很豐富，但太快玩完。我今天乘公交 1766到 八仙橋站下車，跟google說要走26分鐘，但我走過火車橋底過，只需13分鐘就到，最重要是在google看看車站公交的時間才去。
,628,pos,8 個月前,呵呵感覺回到了三歲，真好玩
,629,pos,8 個月前,好玩，帶小朋友來還不錯
,630,pos,8 個月前,好玩，服務人員親切😁
,631,3,11 個月前,還行，收費貴，都只能玩一次而已
,632,pos,1 年前,門票200元兒童150元(身高限制)有管制進廠人數，實際體驗感覺很好。
,633,pos,8 個月前,非常適合小朋友一起同樂的地方
,634,pos,8 個月前,適合闔家大小一起來遊玩的地方
,635,pos,8 個月前,非常適合全家大小朋友超好玩
,636,pos,8 個月前,呵呵呵有趣下次再來玩物超所值
,637,3,1 年前,館內有射擊方面的遊戲設施，只是入園買票時稍久，需分批入館……
,638,neg,1 年前,很糟糕的流程設計……每個關卡都在趕羊，剛剛才知道這關是要幹嘛，馬上就時間到被喊停，大概30分鐘就玩完所有室內戶外關卡，唉……下次絕不會再去！所有Google 的星星好評，都是現場工作人員盯著看所打的，看到離開的人，都是索然無味的表情
,639,pos,8 個月前,好玩有趣，適合親子同遊
,640,neg,1 年前,有些遊戲小小孩根本就拿不動90公分以下才不用收錢小兒子才9十幾公分…就收了全票全程像趕鴨子方式一直下個關卡而後面兩個遊戲也沒說明是自己玩自己算分數我們一直在等人員來說明邊練習後來才知道是自己來處理😑只會體驗一次不會再想去第二次
,641,pos,8 個月前,好玩！帶小朋友來不錯的體驗
,642,pos,1 年前,還不錯玩，但如果關卡遊戲可開放多玩幾次會更好
,643,pos,10 個月前,OK！可以玩1個多小時親子遊戲！
,644,pos,9 個月前,超級可以消耗小孩電力的好地方！
,645,neg,1 年前,1.不適合5歲以下。使用的道具都有一定重量2.每一關時間太短3.不夠精緻4.沒有控制人數我們這一組總共不認識的三家人排在一起，人數12人。有的關卡只能3人玩，有的關卡6個，有的12個，有的沒限制。換言之，某些關卡就是會有人只能在旁邊發呆。因為關卡時間限制，如果要輪流換人根本玩不到什麼。總而言之，有非常大的進步空間！
,646,neg,1 年前,到了門口，櫃檯及門口服務人員算人頭價錢算不清楚，裡外搞不清楚狀況各說各的，弄得我們亂七八糟，最後就沒進去了
,647,3,1 年前,也是親子旅遊景點，雖然是一些簡單的射擊遊戲，但是也都蠻有趣的，但是門票200是有點貴！十種射擊遊戲，但是雨天就少了二三種，大概30分鐘就解決了
,648,pos,8 個月前,遊戲很新鮮人也很親切~~
,649,pos,1 年前,這裡體驗還不錯，能讓親子玩的很開心
,650,pos,6 個月前,遊戲多樣又好玩！！
,651,pos,8 個月前,不錯玩，玩的很累，小孩很開心
,652,pos,8 個月前,非常好玩適合全家人來的地方
,653,pos,8 個月前,非常適合小朋友跟家庭團體的活動
,654,pos,8 個月前,很好玩的親子景點，很多好玩的遊戲
,655,pos,1 年前,超好玩的闖關遊戲，超級推薦朋友、同事、親子一起來哦！
,656,pos,11 個月前,各種體驗，大人小孩一起同樂👍
,657,pos,1 年前,200元門票還可以，在夜市玩遊戲也要這價位，彈弓打憤怒鳥，投籃都很有趣，只可惜場地濕滑，沒玩到戶外靶場
,658,neg,1 年前,"先說優點, 活動內容有特色, 而且帶領的大哥哥大姐姐都算親切缺點: (1) 一家3口都有買票, 但在憤怒鳥的關卡卻只能以家庭為單位, 玩一次而已 (2) 腹地太小, 是一般的2層透天, 以房間區隔活動關卡 (3)票券 cp值不高, 試營運200元, 但每項遊戲玩的時間有的連一分鐘都沒有, 10項關卡的闖關時間連1小時都不到...(比方說射箭關卡只有3隻箭, 射完就沒了)"
,659,3,4 個月前,親子同樂的好地方
,660,3,1 年前,今日去玩，個人建議遊戲可以開放玩2次，只能玩一次小朋友都覺的很不過癮，戶外活動可以重複玩但不夠創新感覺公園都比較好玩，期待可以在進步
,661,pos,8 個月前,很有趣的射擊體驗希望射擊時間能長一點
,662,pos,9 個月前,真的很好玩 有深度 下次再來挑戰
,663,pos,11 個月前,很適合大人小孩.親子同樂
,664,pos,11 個月前,"假日人爆多,車子只能停路邊"
,665,pos,1 年前,新的室內遊樂景點，適合情侶/親子/家人一同前往玩樂，增進感情的好去處。
,666,pos,8 個月前,很好玩的一個地方，之後想再帶朋友來
,667,pos,10 個月前,很好殺時間，大人小孩都happy
,668,pos,1 年前,這裡很有趣，下次有機會要再來玩！
,669,3,4 個月前,基本的射擊、投球遊戲玩樂
,670,pos,1 年前,滿不錯的地方，這邊的指導員都滿有笑容及耐心的喔！！而且現在還是在優惠的票價期間，推薦給大家。
,671,pos,1 年前,"非常有趣的各種射擊及投擲活動,很適合親子同樂"
,672,3,1 年前,一個親子活動的地方，裡面有新奇的遊戲可以親子共遊，但幾個狀況若能改善會更好1.建築物的設施皆只能體驗一次，若以門票來看略顯。偏高2.服務人員水準參差不齊，可以再多點熱情建議體驗一次ok，但再次拜訪的意願就不大！
,673,pos,11 個月前,小朋友的最愛，孩子玩的很開心。
,674,pos,3 個月前,這裏值得推👍
,675,pos,1 年前,YuYu門口招呼超親切的呦！😉Ray是個陽光男孩笑容可掬😁Tim會教你技巧，全部打光光🤣小鹿詳細的講解，粉nice呦😘Yos空氣槍超新奇，好好玩😂濃濃小美女粉可愛，會偷偷放水😜Joe親切的問候，讓人好放鬆☺️等我，我一定把家人都帶來挑戰🤨
,676,pos,10 個月前,大人玩得好累，小朋友玩的很開心
,677,pos,9 個月前,很適合帶大一點的小朋友玩
,678,pos,1 年前,育敎娛樂的好地方，門票價格合理，遊戲流程順暢，關主帥哥美女！
,679,pos,4 個月前,好玩有趣快來玩
,680,pos,1 年前,關主親切動人🤙購票開始從頭笑到尾😂值得再來 大推👍👍👍👍👍👍
,681,neg,11 個月前,等候時間長 且等候區是戶外 相當的熱 !
,682,pos,5 個月前,小朋友玩的超開心的地方
,683,pos,1 年前,道具沒有很精緻，但玩的關卡不錯。排隊略久
,684,pos,1 年前,有趣的地方，館內遊戲比較適合國小三年級以上的小朋友。
,685,pos,6 個月前,不錯的射擊體驗，適合親子活動
,686,pos,1 年前,下雨天的好去處。不過大標槍要好天氣才能玩就是了。玩的項目是比較特別的遊樂設施。小朋友玩的蠻開心的。
,687,pos,1 年前,外觀看似一般平凡的民宿，但有效的運用室內空間，規劃出多樣「射」的遊戲主題房間，藉由熱情的大哥哥大姊姊解說遊戲方法，並透過競賽的模式，不僅讓小孩玩得開心，同時也讓大人短暫的跟著小孩回到兒時的單純。是一個寓教於樂的建議主題樂園，在假期期間，不妨可以帶著小孩一起前來，一同體驗當個「神射手」的歡樂時光。
,688,pos,1 年前,民宿改裝成射擊博物館，還算有創意，有十個關卡可以闖關，假日人多的話，會感覺時間比較倉促。
,689,pos,1 年前,非常多的射擊遊戲，也有很大的戶外標靶。非常適合一家大小來體驗。
,690,pos,6 個月前,好玩 適合全家人一起來
,691,pos,11 個月前,適合小朋友，國中以上不要來
,692,pos,8 個月前,太開心了，真好玩!
,693,pos,8 個月前,體驗射箭，和標槍超好玩的
,694,pos,11 個月前,很新奇的地方，值得帶小朋友去玩樂
,695,pos,11 個月前,好玩～推薦！！適合帶小孩來👍👍👍
,696,pos,1 年前,適合大人小孩 ，只是一個遊戲流程雖然很多樣 ，但是時間很短 ，進去到玩完出來大概1個小時結束 ，所以最好多安排一些行程 ，不要只來這邊 ，可能排隊買票時間還比較久而已
,697,pos,6 個月前,適合帶小孩來體驗
,698,pos,1 年前,新概念的遊戲館，個人覺得適合8歲以上小孩遊玩，整館場地沒有很大，個人覺得射飛盤最舒壓，因為飛盤很多，可以四處射，空氣砲也不錯玩蠻有創意的，沒有體驗過的人可以體驗看看，門票不算貴，建議業者可以增設飲水供遊客喝水
,699,neg,1 年前,頂多稱為新鮮感的點，看就知道是舊民宿改裝，買一些現成的東西來充數，不會再來第二次！
,700,pos,3 個月前,適合親子同樂
,701,3,1 年前,覺得每個關卡設計的玩法有點隨便，也就是不管你怎麼打，幾乎也都會給滿分，毫無競爭感可言，戶外的關卡更是無人管理，個人覺得不會再去第二次。
,702,3,1 年前,員工素質教養很棒，希望不要一塵不變
,703,pos,1 年前,不錯玩 有好多種遊戲 玩到很累哈哈哈適合家人朋友來～～
,704,neg,1 年前,真心給點建議全家老小，但老人家一起出遊根本不玩，要進去還要250元，什麼都沒有，外面也沒有戶外區可以讓不玩的人遮風擋雨的，應該改進，遊戲設計也過於簡化隨便
,705,pos,6 個月前,看似簡單但不簡單啊！！
,706,pos,1 年前,雨天好去處，可惜的是沒停車位，車子都要停在稻田邊。
,707,pos,1 年前,宜蘭很用心的新景點。必來唷！
,708,neg,1 年前,有點搶錢搶過頭，小孩收費身高設太低了吧，那麼小哪有辦法玩，居然要收費
,709,3,1 年前,場地很小，遊戲種類太多，有時間限制，去一次就好。
,710,neg,1 年前,有点雷，後面幾關户外區放牛吃草每一關時間短，比較適合小孩子
,711,pos,11 個月前,這邊的員工很熱情，帶關認真，很好玩
,712,pos,1 年前,親子同樂的好地方，所有的大哥哥大姐姐都很棒，謝謝你們
,713,pos,8 個月前,邱比準好好玩，很適合大小孩
,714,pos,1 年前,很好玩 工作人員很親切 可惜下雨戶外沒機會參加 下次再來玩戶外 找多一點人感覺更好玩
,715,pos,10 個月前,排隊太久太熱之外，都還不錯
,716,pos,11 個月前,遊戲讓人專心、團結~。
,717,pos,1 年前,園區的遊戲元素很不錯可惜體驗的時間大多不夠長會讓遊客有無法盡興的感覺
,718,pos,1 年前,Jason籃球關還有憤怒豬姊姊服務很好(˶‾᷄ ⁻̫ ‾᷅˵)
,719,pos,6 個月前,再便宜一點會更好
,720,3,1 年前,適合親子假日放空一下好地方門票$200元
,721,neg,1 年前,假日千萬不要去，人多像趕場不好玩，小小朋友購票入場有1半關卡要大人陪同才會玩，且每關卡只玩1輪非每人都可玩到，跟我們同批進入有人沒玩到跟關主反應，回應讓我傻眼(關主解說不是很清楚的，不知道是在趕幾點呢）
,722,pos,8 個月前,非常適合帶小朋友來玩。
,723,pos,8 個月前,適合親子一起來玩的地方！
,724,pos,1 年前,蠻有趣的射擊遊戲，工作人員也很親切，如果闖關可以多玩幾次更好
,725,pos,1 年前,今天帶小朋友來體驗射擊，整個遊戲過程總共有10關，都非常安全而且好玩，每一個關卡的大哥哥大姐姐也都解說的很清楚，像是第一個關卡的憤怒豬哥哥Ray，也會從旁協助小朋友，讓小朋友能順利闖關！很棒的地方也適合親子一同遊玩！下次有機會會再來！
,726,neg,1 年前,服務態度很好，但規則有改善的空間，大人不玩要讓給小孩玩卻不行，變成大人買票進場為了顧小孩都沒在玩只是浪費錢，第一關是一家共同玩一籃6球，不是一人玩一籃，夜市玩都不用這麼貴，因為人多每關都好趕，就像走完流程就了事一樣，感覺很差
,727,pos,8 個月前,非常適合全家出遊的好地方
,728,pos,1 年前,這裡有標槍遊戲（射中紅包可以換到50元抵用卷），歡迎大家來一試身手。
,729,pos,1 年前,有標槍，射箭，還有射擊等遊戲，都是平常很少玩過，甚至是第一次體驗，大人小孩都開心，會再來喔！
,730,pos,8 個月前,組隊一起闖關真的好好玩
,731,pos,1 年前,活動很豐富，關卡控管的很好，人潮多也不擁擠。
,732,pos,1 年前,距離羅東車程約十分鐘，適合大人小孩一同享樂，舒適音樂配上親切導覽員，實為宜蘭縣內少數優質之遊樂場所。
,733,pos,1 年前,宜蘭新景點👍  不管晴天☀️ 還是雨天☔️ 都很適合跟朋友一起來玩😁 室外的大巨靶、獨一無二、肯定要挑戰一下，還有射箭、空氣連發槍...等，都好好玩，大人、小孩都玩的很開心❤️
,734,neg,1 年前,爛爛爛透了!一下下就結束了!!!!@#$每關一分鐘!@$真的不推薦
,735,pos,1 年前,大人小孩都能盡興歡樂的地方，工作人員哥哥姐姐超級親切熱情❤️，快帶小人來玩耍吧！
,736,neg,1 年前,內容規劃安排不錯~…小朋友很喜愛！但是最大缺點也是長輩們最在意的…就是沒有可以讓一起來的家人~就算不參加至少也有個座的地方休息…非得每個人收門票250元才能進去…真的很不貼心！
,737,pos,1 年前,又發現好地方，第一次玩人體噴怒鳥射擊、大型空氣槍，還有我很懷念的射弓箭。工作人員都超級熱血，一路帶領我們冒險，你闖關累了還來援助你，小鹿很帥、美女 濃濃 Vivian 娃娃 都是親切正妹陪你玩到底，還教你拍照擺網美姿勢，真的太貼心。
,738,pos,1 年前,大小孩，小小孩都玩的很開心，可以再來玩喔！
,739,pos,7 個月前,宜蘭必來好玩室內闖關遊戲
,740,pos,1 年前,值得帶小孩去玩玩，作室內輕運動的好地方~~
,741,pos,8 個月前,有趣好玩下次一定要再來
,742,3,1 年前,是個適合親子玩樂的地方，每個體驗項目都很好玩，工作人員很親切，但玩射擊遊戲有時間上的限制（不到3分鐘），總會讓人覺得玩不盡興，很像在趕場一樣，如果可以不要玩得那麼趕，應該會更好
,743,pos,6 個月前,消秏體力好地方
,744,pos,9 個月前,射擊遊戲多樣化，滿有趣好玩的地方
,745,pos,5 個月前,有很多好玩的小遊戲
,746,pos,10 個月前,適合親子的好趣處～推
,747,pos,10 個月前,遊戲設計新奇有趣，非常好玩
,748,pos,10 個月前,遊戲很新奇 可惜無法重複玩
,749,pos,1 年前,遊戲很好玩，再來宜蘭的話會再帶孩子來玩
,750,pos,1 年前,"很多關卡可以打發時間、消耗體力下雨天很適合來的室內場地~~關主都很熱情細心👍👍Ray, ajoe. 小鹿.娃娃.yuyu. yos .美人魚👍👍"
,751,pos,1 年前,很好玩，很有趣，工作人員好相處濃濃帶射標槍很有趣 下次還會在帶朋友來最喜歡的關卡是射箭 超棒的
,752,pos,1 年前,小朋友玩得開心、大人盡情放鬆的好地方，下雨天也hen ok!
,753,pos,1 年前,適合一大群朋友一起來～或是親子活動也很適合～每個關主都親切活潑，遊戲很好玩
,754,3,1 年前,綜合來說就是將夜市射擊遊戲集合，賦予故事化，小孩適合去的年齡我建議是6歲以上
,755,pos,1 年前,新鮮又好玩的地方，小朋友玩的很開心，雨天的好去處！下次還要再來玩👍Ray. 濃濃。服務親切又熱情🤣
,756,pos,1 年前,好玩～有趣！！值得再次來玩的地方😊😊
,757,pos,1 年前,適合帶10歲以下小朋友參加，可增加家庭和樂
,758,pos,1 年前,"入口遮陽不足,請注意幫小孩防曬防止中暑。"
,759,pos,1 年前,每關關主都很熱心，很好玩戶外大標靶的濃濃關主很可愛讓我們多玩幾次下次有來到宜蘭一定會再來的
,760,pos,1 年前,好玩，小孩玩耍的天堂，下次還想去呢！
,761,pos,8 個月前,哩咕挑戰闖關刺激好玩
,762,pos,1 年前,非常推薦的一個新景點工作人員 男的帥 女的美娃娃 美女 yuyu人都很好🙆‍♀️晴天 下雨的好去處  快點去體驗喔٩(˃̶͈̀௰˂̶͈́)و
,763,pos,8 個月前,很多好玩的遊戲小孩超開心
,764,pos,1 年前,每個關卡都很細緻且很有趣不會重複到而且工作人員非常親切休息區環境也乾淨舒服不只是小朋友覺得有趣就算大人也覺得好玩
,765,pos,1 年前,適合小朋友的親子活動以及下雨天的好所在，裡面服務人員非常有耐心的教導，推👍
,766,pos,1 年前,還不錯  下雨天能有  讓小朋友活動的地方
,767,pos,1 年前,好玩，刺激，又有趣。有空再來玩。
,768,pos,9 個月前,挑戰反應能力的好地方👍
,769,pos,8 個月前,喜歡射擊的人可以來挑戰。
,770,pos,1 年前,關卡設計的很用心，廁所有點異味建議廁所整修一下，更換有自動沖水設備，避免異味
,771,pos,1 年前,超好玩，適合親子同樂的好地方👍
,772,pos,1 年前,好玩...服務人員都很有善.....笑容燦爛甜美......
,773,pos,1 年前,裡面的工作人員很有趣，關卡很好玩，還有一個自稱自己是關主的售票員很好笑。
,774,pos,1 年前,大門 - YuYu1F - Ray （標槍）1、2樓 - Tim、娃娃售票 - Joe2F - 小鹿關卡 - Yos / 濃濃⭐️⭐️⭐️⭐️⭐️Cp值超高🎊
,775,pos,10 個月前,因為適合小朋友和家長一起同樂
,776,neg,1 年前,服務人員很官僚，以為來到古時候的政府機關，不推！門票也太貴了，不會再造訪了！（哥 ）（安）四聲，蚊子超多的，超癢的！
,777,pos,1 年前,親子家庭👪來這裡就對了♥好玩👍
,778,pos,1 年前,工作人員都很熱心：）非常適合帶小朋友來玩答應了YUYU要提到她😂很熱血的小姐姐我有提到了哦🤣🤣
,779,pos,1 年前,雨天溜小孩的好去處，但是第一關的規則，讓太多人同行的團隊不公平，我們一家8大3小全，卻只玩一場3個人，其他人沒得玩，原因是我們人多一個人只能投一隻豬……那是不是只適合小家庭3人同行？？其他關卡就沒此問題……
,780,3,1 年前,請遇到人多的團體時關主能多點耐性！讓參與者“都有玩到”才正確！不然小孩是蠻喜歡玩的！
,781,pos,1 年前,是個小孩放電、大人運動的好地方，娃娃姊姊好可愛又親切，如果想體驗射擊的快感⋯⋯快來吧！
,782,pos,1 年前,關主姐姐哥哥熱情介紹與帶活動，值得來遊玩!!a Joe yu ray tim 娃 鹿 美人魚 濃 高美女都很好
,783,neg,1 年前,很糟的體驗。大人不玩也不行，要讓給小孩玩也不行，人員訓練不足。以為是很專業的遊樂場，結果....奇怪的規定一堆，這個不行那個不行的....
,784,pos,7 個月前,很棒的體驗活動。趣味
,785,pos,1 年前,超好玩很適合家庭，朋友組隊參加噢
,786,pos,1 年前,還不錯，可以帶大朋友來體驗一下。不過，建議可以每個關卡先練習一下。
,787,pos,1 年前,很適合同學家庭一起來玩，朋友建議雙數人數可以pk競賽，很好玩呦~~
,788,pos,1 年前,工作人員（Ray，Yos，A Joe，YuYu，Tom，濃濃跟美女）服務親切熱情，很不錯的室內親子景點！
,789,pos,8 個月前,邱比準好好玩，快來玩哦!
,790,pos,1 年前,人員都很親切，介紹遊戲都很清楚，闖關遊戲都很好玩👍🏻 手作飛鏢很特別，還可以換小禮物🎁yuyu 小鹿 濃濃 joe 娃娃 tim yos vivi 棒
,791,pos,1 年前,濃濃 娃娃 小鹿 ray yuyu tim yos 阿啾  服務人員很親切   態度很好  男的帥女的美   大推   歡迎大家前往  適合一家大小  朋友一同出遊的好地方
,792,pos,1 年前,推薦：Roy Yos A Joe YuYu Tim 濃濃 美女～～致謝！(｀･ω･´)ゞ(｀･ω･´)ゞ
,793,pos,1 年前,今日天氣雨  意外來到邱比準   好玩的親子遊戲   我是射擊高手  人員都很親切   售票員  笑容親切   解說員 仔細有趣  還幫我們拍照  大大感謝   ！
,794,pos,1 年前,值得推薦，好玩！特別感謝小鹿哥哥幫忙一直抱著愛哭的安寶妹~
,795,3,1 年前,每個關卡停留的時間不是很長，整體來說消費偏高，感覺CP不夠
,796,pos,1 年前,真的是大人小孩都可以玩到瘋掉的地方
,797,pos,1 年前,美女 娃娃 yuyu 阿啾 Ray Tim 小鹿 vi 婕妤  都很棒^_^適合家庭 情侶 來玩的地方
,798,pos,1 年前,適合全家大小一起同樂的好地方！服務好，熱情用心~大推
,799,pos,8 個月前,關主熱情 闖關遊戲好玩
,800,pos,1 年前,裡面的關卡很多，而且設施都是外面少見甚至沒有的，很好玩很適合帶小孩來這裡走走拍拍網美照😄導覽人員很親切也很熱情接待～玩完之後還有小禮物可以拿～真的是物超所值☺️
,801,pos,1 年前,適合全家大小或找朋友一起來玩樂的好場所！ 大家手牽手找多點朋友一起來吧！
,802,pos,1 年前,小鹿親切好相處🤣、yuyu美麗大方、霞霞超幽默又帥、濃濃漂亮親切、yos詳細介紹很親切、vivian也是漂亮聲音很甜、娃娃很可愛、服務都很好，帶的很詳細唷！
,803,pos,1 年前,"遊戲有趣，工作人員服務親切，Ray,Tim,Yu Yu,A Jou ,濃濃，美女，小鹿，Good！！，完成關卡任務有送精美小禮物唷^^"
,804,pos,8 個月前,邱比準一路玩到底好棒棒🎯🎯
,805,pos,1 年前,不錯玩，親子同樂可惜電子飛靶故障很推！！濃濃：（歡迎大家！）
,806,pos,1 年前,"和朋友情人來都好玩關主們都很nice,  Ray,  ajoe, 小鹿，娃娃，yuyu, yos,美人魚"
,807,pos,1 年前,很棒的地方 ，很適合情侶和小孩去。工作人員很會帶氣氛 每位都很棒。還記得二樓的關主yuyu 、自稱美女的某位關主、tim都很會，尤其Tim哥太強了 ，一個人打二個人。
,808,pos,7 個月前,很適合親子玩樂的地方
,809,pos,1 年前,適合親子遊玩  集合許多夜市小射擊遊戲XD
,810,pos,1 年前,"Ray,Tim,YuYu,A Joe,濃濃，美女，小鹿工作人員親切可愛～破關還有小禮物～感謝招待"
,811,pos,1 年前,好地方，這裡規劃的活動大人小孩都能參與的。推薦親子行程景點。
,812,pos,1 年前,超級好玩，關主很會帶活動。
,813,3,7 個月前,蠻適合帶小朋友來玩哦
,814,pos,1 年前,十個關卡，年輕人很適合拍網美照小朋友會玩到瘋掉的地方腹地近千坪，好天氣風景真的很美工作人員充滿熱情裡面很多遊戲都是外面從沒看過的很新奇、值得推薦的地方
,815,pos,1 年前,遊戲很好玩也很有趣，都會有人員解說如何遊玩，工作人員態度親切👍
,816,pos,5 個月前,很特別的體驗🎉
,817,pos,8 個月前,"好玩,下次會再來"
,818,pos,1 年前,好玩又有趣的地方！一定要來玩玩看唷！
,819,pos,1 年前,適合與小朋友運動同樂的好去處！共有10個關卡挑戰。2018年底前射手座免費入場唷！
,820,pos,1 年前,店員親切可愛又熱情❤整體表現超棒的很推薦各年齡層的好朋友情侶跟家人一起來🤙真的可以培養感情而且便宜CP值又很高🙆‍♂️
,821,pos,1 年前,Yu Ray Tim joe yos 鹿 濃 娃 好棒女的又很美、男的又很醜男、只有瑞很帥
,822,pos,1 年前,適合下雨天的玩樂地方，小孩玩的很開心，但是槍類對小孩來說比較大，不好握，適合2年級以上的小孩
,823,pos,1 年前,有10關闖關遊戲，不論大人小孩都可以玩的很開心的有互動的親子遊戲地點一票玩到底，還有DIY小物跟神秘禮物，玩累了還有解渴飲料超推薦的宜蘭新景點！！！！！！
,824,pos,1 年前,服務人員親切，每個關卡有趣又可以運動，適合親子遊的好地方
,825,pos,1 年前,Oh yeah! 此起彼落的歡呼聲不斷！來到這裡找到最簡單的開心！
,826,pos,1 年前,很好玩開心的一天，工作人員很細心，特別是Yu Yu 姐姐 和小鹿哥哥，很會講解。謝謝你們！
,827,pos,1 年前,好玩，有趣，親子同樂好去處。
,828,pos,1 年前,下雨天好去處，大人小孩兩相誼
,829,pos,1 年前,很有趣的遊戲設施，服務人員態度親切，值得再一訪的景點！
,830,pos,1 年前,每個關卡都超好玩，宜蘭親子遊去處又增添一處，大朋友小朋友都很適合來玩～～
,831,pos,1 年前,雨備好方案，晴天來更棒！ 好玩🤪🤪
,832,pos,8 個月前,還不錯玩的地方~~~
,833,pos,1 年前,濃濃 美女 ray yuyu tim 阿啾 yos 服務人員態度親切 讚👍適合全家一起出遊
,834,pos,1 年前,適合各個年齡的人玩，這裡的人員皆很親切
,835,pos,1 年前,雨天也能玩的全家同樂景點~快帶大小孩一起衝來玩吧～
,836,pos,1 年前,關卡設計很用心也很有趣！非常推薦親子室內闖關！關主們也很專業親切喔！
,837,pos,1 年前,等待的人都只能在外面淋雨，感覺可以再改善但是孩子們玩的很開心
,838,pos,1 年前,體驗射擊遊戲的室內空間，適合大人小孩一起來玩👍
,839,pos,1 年前,帶小孩來很開心~服務人員態度很好，很有耐心解說
,840,pos,1 年前,憤怒豬砰砰砰！連發槍咻咻咻！空氣砲煙圈飄～每關都有趣到不行，服務人員也都親切！世界最大大巨靶，超酷der~~宜蘭最新IG FB拍照景點
,841,pos,1 年前,好玩 很多射擊遊戲。躲雨的好地方😄yuyu服務親切熱情🤩
,842,pos,1 年前,Cp 值高 男帥女美 推薦來玩 大人小孩都可以來盡興
,843,pos,1 年前,超適合朋友家人小孩出遊的地方😍😍😍尤其雨天更讚👍👍👍好玩好刺激🤗🤗🤗
,844,pos,1 年前,濃濃 娃娃 小鹿 ray yuyu tim yos 阿啾 服務人員很親切 歡迎去玩
,845,pos,1 年前,遊戲很新奇，小孩子玩的很開心，cp值很高，適合全家一起來玩!
,846,pos,1 年前,工作人員非常親切有趣，體驗項目非常適合親子共遊！值得推薦的好地方！
,847,pos,1 年前,每一個關卡都好好玩，超刺激，工作人員非常親切熱情唷！^^
,848,pos,1 年前,這裡實在太好玩了玩到都能流汗每個哥哥姊姊都很親切很熱情
,849,pos,1 年前,A-joe 蛙RayYuyu 鹿🐟濃Tim美女高高老闆服務👍🏼👍🏼
,850,pos,1 年前,好玩的地方很適合帶小孩來😂裡面的關主yuyu很棒親和力10足！！讚
,851,pos,1 年前,主題明確，任何年紀都會玩得很開心的地方！！超好拍，記得多照點照片分享喔。
,852,pos,1 年前,工作人員親切熱心，很會帶動並且同樂，適合帶小朋友來玩。
,853,pos,9 個月前,有趣好玩 可以帶小朋友來
,854,pos,5 個月前,沒來過可以體驗看看
,855,pos,1 年前,美女 啊啾 娃娃 yuyu ray Tim 鹿 婕妤 濃濃 都很棒哦 很親切 很棒 很適合全家人一起玩
,856,pos,1 年前,濃濃小鹿啊啾幼ㄙyuyu娃娃提姆瑞都超棒的 服務超好又親切
,857,pos,8 個月前,這裡的遊戲都很好玩哦！
,858,pos,1 年前,適合朋友、情侶、家人玩的好地方，不過下雨會少玩到一些
,859,pos,1 年前,娃娃 小鹿 魚 馬麻 濃濃 美女 高高 yu Joe Ray Tim 服務親切又好玩讚
,860,pos,1 年前,關卡新穎、服務人員很親切⋯小孩超愛的好地方！
,861,pos,10 個月前,戶外設施扣一顆星😂
,862,pos,1 年前,哈哈，超級好玩又有趣味，接待我們的Ray、小鹿都很風趣幽默！！~
,863,pos,8 個月前,設施多元適合組隊來玩
,864,pos,1 年前,A-joe蛙Ray老師 強力推薦 👍👍👍 Yuyu 鹿🐟濃Tim美女高高大老闆服務👍👍👍
,865,pos,1 年前,濃濃 娃娃 小鹿 ray yuyu tim yos 阿啾  服務人員很親切 ^^
,866,pos,1 年前,宜蘭的好景點，適合與家人、朋友一起來體驗，濃濃服務親切，重點是很正
,867,pos,1 年前,"很適合小朋友玩，裡頭有個工作人員叫阿jo,很親切很專業，真的很棒的親子娛樂館"
,868,pos,1 年前,好玩又有趣的射擊場，關主熱情又風趣
,869,pos,8 個月前,有團隊競技的趣味地方
,870,pos,1 年前,非常適合帶小孩來玩，十種關卡都有不同的樂趣！
,871,pos,10 個月前,好玩，可惜體驗時間太短
,872,neg,1 年前,其實是小朋友完的地方，沒有什麼休閒的好。
,873,pos,8 個月前,不錯玩的射擊闖關遊戲！
,874,pos,10 個月前,宜蘭雨天好去處一張門票玩十項體驗有趣!!!!!!!
,875,pos,8 個月前,小朋友發洩體力的好所在
,876,pos,1 年前,這裡真的好好玩  而且人員又非常親切地解說 超讚
,877,pos,1 年前,濃濃帶領的很活潑，也會給小朋友建議跟修正的指導，很棒！
,878,pos,1 年前,小孩玩的很開心，有機會在來玩
,879,pos,1 年前,遊戲新鮮有趣，大人和大小孩可以—起同樂喔！
,880,pos,1 年前,遊戲設計的不錯 親子同遊的好地方 年假門票每人250
,881,pos,1 年前,遊戲都很好玩，很適合帶小朋友一起玩！
,882,pos,1 年前,舒適的環境，價格還算合理，設備還不錯，工作人員好親切的引導，很好的體驗！
,883,pos,8 個月前,喜歡射擊的你千萬不能錯過
,884,pos,8 個月前,射擊遊戲多元，超級好玩的
,885,pos,1 年前,關主美美態度好好，而且超好玩，小朋友很開心
,886,pos,1 年前,親子同樂的好地方，訓練小孩眼、心與力量的遊戲，小孩樂不可支
,887,pos,10 個月前,小孩玩的地方 可以來看看
,888,pos,1 年前,邱比準cupishoot 是親子一起來玩的好地方，小朋友玩的很開心，下次要在來玩
,889,pos,1 年前,有點小貴，不過所有設施都可以玩到一次
,890,pos,1 年前,濃濃 娃娃 小鹿 ray yuyu tim yos 阿啾  服務人員很親切
,891,pos,1 年前,還不錯的體驗，可以帶小孩來玩玩看，服務人員態度親切
,892,pos,1 年前,謝謝帥氣又棒棒的小鹿👍(絕對不是走路工🚷)
,893,pos,1 年前,投籃的球太輕了好難投…   另外可惜是下雨天不能玩鏢鎗
,894,pos,1 年前,地方雖然不大 不過所有關卡都很好玩 服務人員都很熱心親切
,895,3,1 年前,體驗一次即可有些關卡有點空虛
,896,pos,1 年前,很多關卡，挑戰性級高，適合喜歡玩遊戲的大朋友小朋友一起來玩
,897,pos,1 年前,小男孩喜歡的遊樂設施，射箭、彈弓、打靶，好好玩！
,898,pos,1 年前,很殺時間的好地方，很親子同遊。
,899,pos,1 年前,小鹿跟濃濃服務一百分💯✅✅超好玩值得再來🔫🔫
,900,pos,1 年前,濃濃 娃娃 小鹿 ray yuyu tim yos 阿啾  服務人員很親切
,901,pos,1 年前,憤怒鳥很好玩，還有刺激的槍戰，標槍射擊真的不簡單!!
,902,neg,8 個月前,虎頭蛇尾意義不明標示不清
,903,pos,1 年前,大推射彈弓濃濃 好玩 適合全家一起出遊的好地方😁☺️
,904,pos,2 個月前,讚讚讚讚讚讚讚讚 好玩 有夠推 關主超niceeee
,905,pos,8 個月前,追隨玩很大的精神！go go go
,906,pos,9 個月前,很多遊戲，很有趣
,907,pos,8 個月前,這裡很好玩很有趣^^
,908,pos,1 年前,來這裡要找濃濃，她會教妳省錢的方法
,909,pos,1 年前,Yu tim ray yos joe 鹿濃 娃 親切 有趣 好好好好玩
,910,pos,1 年前,團體，親子都適合，服務人員濃濃很美很親切喔！
,911,neg,1 年前,關卡時間太短    而且幾乎只能玩一次
,912,pos,1 年前,#邱比準#射射館#射擊博物館#射手玩很大#一生至少來挑戰一次的地方
,913,pos,1 年前,室內的遊戲只能玩一次，有點可惜。其他的不錯玩。
,914,pos,5 個月前,親子活動的好地方
,915,pos,1 年前,很好玩～很多關卡 舒壓遊戲！推推
,916,pos,1 年前,玩得很開心 也很有挑戰性 大人小孩都適合
,917,pos,1 年前,很好玩！適合年親人遊玩，工作人員很美
,918,pos,1 年前,跟射擊有關的闖關遊戲，適合親子同遊，小朋友直呼好玩👍👍👍
,919,pos,1 年前,Vivian 小鹿 濃濃 倢伃 娃娃 Ray 服務超讚👍🏻
,920,pos,1 年前,人員都很親切^_^yuyu 小鹿 濃濃 娃娃 joe Tim yos vivi 棒
,921,pos,1 年前,很適合親子ㄧ起來的地方^_^
,922,pos,1 年前,有趣又好玩！是個遛小孩的好地方大人小孩都能夠值回票價！ 讚讚讚！
,923,pos,1 年前,人員服務親切，整體新奇又好玩!感謝小鹿~
,924,pos,1 年前,很多有趣的小闖關~休閒好去處!
,925,pos,10 個月前,超級好玩的啦！老少咸宜🤩🤩🤩
,926,pos,1 年前,非常有趣的地方，適合各年齡層同樂呦！
,927,pos,1 年前,店員活潑親切，朋友出遊好去處😁😁
,928,pos,1 年前,很適合親子活動，讚啦！“濃濃”很親切解說
,929,pos,8 個月前,比誰比較準！好玩！🤟🤟🤟
,930,pos,1 年前,售票人員都很親切，每樣遊戲都很親子互動，值得推廣
,931,pos,11 個月前,超棒的遊戲！而且環境超乾淨
,932,pos,1 年前,好玩刺激又緊張，適合小朋友玩的地方
,933,pos,1 年前,剛開幕不久，適合大一點的孩子體驗
,934,pos,1 年前,很好玩的一個地方，下次還想來。
,935,pos,1 年前,蠻好玩的 可惜下雨戶外大型箭靶不能玩  
,936,pos,7 個月前,活動都很緊凑有趣
,937,pos,1 年前,超好玩～抒發好場所😊
,938,pos,1 年前,服務人員每位都非常親切幽默，每項設施都玩得非常開心！
,939,pos,1 年前,ray his Joe yuyu Tim 濃濃 美女今日的服務人員都非常親切
,940,pos,1 年前,很高級的闖關場所～很適合男孩兒來喔！
,941,pos,1 年前,Ray⚡️濃濃⚡️Tim⚡️Yos⚡️Joe⚡️yuyu⚡️美女服務人員非常親切！年輕有活力～
,942,pos,1 年前,非常適合親子同樂，天氣再冷也能玩到心熱熱的。
,943,pos,3 個月前,很棒體驗
,944,pos,10 個月前,男女老少都來射😁
,945,pos,1 年前,好玩，新穎，服務態度佳適合全家親子一起同樂
,946,pos,1 年前,服務員很熱情😇主題很明確 連發那關的帥哥服務很好😆
,947,pos,1 年前,服務親切，親子，情侶非常適合來，寓教於樂，結束還送小禮品，😎
,948,pos,1 年前,遊戲豐富 適合親子一同遊玩 服務生很親切
,949,pos,1 年前,跟朋友一起來很有趣唷！！比賽比賽～
,950,pos,1 年前,服務親切，關卡有趣，適合親子同遊新景點
,951,pos,1 年前,各位關主都很優秀 小鹿yuyu Tim Ajoe yos 濃濃 vivi 娃娃
,952,pos,1 年前,大人小孩都可以玩的很開心的...
,953,pos,1 年前,非常好玩，值得一來再來👍🏼
,954,pos,1 年前,不錯玩的地方 適合大人小孩一起來玩！
,955,pos,1 年前,很童趣的好地方，小孩玩得很開心。
,956,pos,1 年前,很適合小朋友來的地方~好玩又有趣！👍👍👍
,957,pos,1 年前,濃 鹿 啾 娃 yos yuyu tim ray都超可愛超嗨超熱情
,958,neg,10 個月前,太陽春，門票太貴
,959,pos,7 個月前,今天下雨無法標槍
,960,pos,1 年前,試營運射手座免費入場，快來體驗❤️
,961,pos,1 年前,濃濃 美女 ray yuyu tim 阿啾 yos  服務人員 服務人員很親切
,962,pos,1 年前,Vivian 小鹿 濃濃 倢伃 娃娃 Ray Joe 超級親切👍👍👍
,963,pos,1 年前,這邊很好玩服務人員親切漂亮而且室內可以常來玩
,964,pos,1 年前,好新鮮！很好玩！可以來體驗哦😉
,965,pos,1 年前,濃濃 美女 ray  yuyu tim  阿啾 yos  我覺得可以
,966,3,10 個月前,適合小朋友的遊戲地方。
,967,pos,1 年前,很適合帶小朋友來玩，這裡的哥哥姊姊們都很親切
,968,pos,1 年前,工作人員耐心講解！關卡新鮮玩樂，適合親子活動！
,969,pos,7 個月前,小孩玩的很開心
,970,pos,1 年前,是有趣的體驗！小朋友玩的很開心  
,971,pos,1 年前,服務人員態度親切，遊戲很有趣，值得體驗。
,972,pos,1 年前,很多射擊相關的體驗遊戲，很適合小孩
,973,pos,1 年前,工作人員很親切，小朋友玩得很開心。
,974,pos,1 年前,好玩，濃濃叫我寫他，yuyu也不錯
,975,pos,1 年前,哇感尬美賣啦！金吼勝
,976,pos,1 年前,濃濃很認真超熱情的！！ 適合帶小朋友來玩的好地方！
,977,pos,1 年前,晴天/雨天都適宜，孩子玩的很開心
,978,pos,1 年前,適合小朋友玩唷，棒棒！
,979,pos,1 年前,很適合大人小孩全家來玩喔，推薦。
,980,pos,1 年前,超級好玩的，大人小孩都很適合，服務人員專業又親切
,981,pos,1 年前,Ray遇到濃濃看見娃娃小鹿亂撞tim身而出不要啊啾
,982,pos,1 年前,還滿好玩的、但一下就結束！
,983,pos,1 年前,工作人員都很親切熱情，遊戲項目多種有趣
,984,pos,1 年前,適合親子一起來的地方~濃濃很親切：）
,985,pos,1 年前,博物館一定要來玩，很多闖關遊戲，超級好玩
,986,pos,11 個月前,小孩放電好去處!
,987,pos,1 年前,很好玩而且服務人員很親切會幫忙照顧小孩！！
,988,pos,11 個月前,很好玩 工作人員服務好
,989,pos,7 個月前,適合帶小孩來
,990,pos,1 年前,是一個宜蘭新景點，適合大小朋友來玩。
,991,pos,1 年前,關主都很親切，活動內容也很生動活潑
,992,pos,1 年前,好玩，建議6∼10人一起組隊
,993,pos,1 年前,好玩可以放鬆的好地方🧐🤩
,994,pos,1 年前,每個遊戲都能讓小朋友開心，服務人員態度親切
,995,pos,1 年前,適合全家大小一起遊玩的雨天備案場所。
,996,pos,1 年前,親子玩樂好去處～有難度但超好玩
,997,pos,1 年前,小朋友放電的好地方，玩得好開心！！
,998,pos,1 年前,好好玩，親子同樂好所在
,999,pos,1 年前,室內比較好玩~針對兒童
,1000,3,8 個月前,覺得設施保養不夠
